"id","datetime","live_id","live_title","live_channel","keyword_match","message_id","message","message_type","author_id","author_name","author_verified","author_url","author_img"
1,"2024-09-19 10:35:59","YbORj9t0QkA","Bola Basket 3x3 | Day 4 - Final Day | PON XXI Aceh-Sumut 2024","Indonesia Basketball","Pulau777","ChwKGkNNM0lwLWpuem9nREZYWUkxZ0FkOUJ3bWRn","Pulau777 :star: member baru psti jepe","textMessage","UCxYpSnP9b8W4j8unxX_uZ_w","ì œì´ì˜","false","http://www.youtube.com/channel/UCxYpSnP9b8W4j8unxX_uZ_w","https://yt4.ggpht.com/V9Ilg7JcVQ19nI1lXiTcx5KCXxHXyJpMEIvEsjfSvsQ5DdyTHTG2c7E3eeAfYNxO0brH1W_Njpw=s64-c-k-c0x00ffffff-no-rj"
2,"2024-09-19 10:35:59","YbORj9t0QkA","Bola Basket 3x3 | Day 4 - Final Day | PON XXI Aceh-Sumut 2024","Indonesia Basketball","jepe","ChwKGkNNM0lwLWpuem9nREZYWUkxZ0FkOUJ3bWRn","Pulau777 :star: member baru psti jepe","textMessage","UCxYpSnP9b8W4j8unxX_uZ_w","ì œì´ì˜","false","http://www.youtube.com/channel/UCxYpSnP9b8W4j8unxX_uZ_w","https://yt4.ggpht.com/V9Ilg7JcVQ19nI1lXiTcx5KCXxHXyJpMEIvEsjfSvsQ5DdyTHTG2c7E3eeAfYNxO0brH1W_Njpw=s64-c-k-c0x00ffffff-no-rj"
3,"2024-09-19 10:36:23","YbORj9t0QkA","Bola Basket 3x3 | Day 4 - Final Day | PON XXI Aceh-Sumut 2024","Indonesia Basketball","Pulau777","ChwKGkNJNng4ZlBuem9nREZiVVoxZ0FkQXI0aGp3","NewMember :star:Pulau777 Psti Jp","textMessage","UC2013TSGZIzqiNXj5m0ndIw","Melissa H","false","http://www.youtube.com/channel/UC2013TSGZIzqiNXj5m0ndIw","https://yt4.ggpht.com/Ak6A6sRc5lre-u43WvGi_UAsHxLVvSNk6Js73DVIhGtOCp84vAqAy39GUrqJ_La77sdyHkKIPA=s64-c-k-c0x00ffffff-no-rj"
4,"2024-09-19 10:36:49","YbORj9t0QkA","Bola Basket 3x3 | Day 4 - Final Day | PON XXI Aceh-Sumut 2024","Indonesia Basketball","Pulau777","ChwKGkNNS0xrWURvem9nREZhZ0oxZ0FkN0NjVlVR",":star:Pulau777 Tempat Cari Cuan No 1 Indonesia","textMessage","UCn-AZqiU0I0MJOWvA75uXFA","ì€ì´","false","http://www.youtube.com/channel/UCn-AZqiU0I0MJOWvA75uXFA","https://yt4.ggpht.com/zuPUqWKKF-TAyVXpW4mGxSOwNrwTMunG4rvA8WgDtb3Wa7p5EQv0yoq3HxdwKNKWuaucHofeMw=s64-c-k-c0x00ffffff-no-rj"
5,"2024-09-19 10:37:13","YbORj9t0QkA","Bola Basket 3x3 | Day 4 - Final Day | PON XXI Aceh-Sumut 2024","Indonesia Basketball","Pulau777","ChwKGkNLN3J0NHZvem9nREZWNHYxZ0FkV2VvU2R3",":star:Pulau777 Anti Rungkad","textMessage","UCaysZ4oRsfHk7weqtL_hTBg","spriha rai","false","http://www.youtube.com/channel/UCaysZ4oRsfHk7weqtL_hTBg","https://yt4.ggpht.com/GZcJNSDFM5T9ICGZzhmdiC-Kuqbf7eSCg0o9gtJPT_hdlB_BFckCcP25mwX9765qu4UpCvPNHw=s64-c-k-c0x00ffffff-no-rj"
6,"2024-09-19 10:37:37","YbORj9t0QkA","Bola Basket 3x3 | Day 4 - Final Day | PON XXI Aceh-Sumut 2024","Indonesia Basketball","Pulau777","ChwKGkNKbms3cGJvem9nREZVWUsxZ0FkZHhRSUVn","Gass Pulau777:star: Ladang Cuan:star:","textMessage","UCWCLy0IE8kGDeIQBHYhLGVg","TrÃ  TrÃ ","false","http://www.youtube.com/channel/UCWCLy0IE8kGDeIQBHYhLGVg","https://yt4.ggpht.com/HeJJ_W4XFhQg8bHVMgHvS1WfIBvkEfKMBTLo5w8t3CfalaDWyxNf1EsJFCSCI_wQ6mCkQSmy9wE=s64-c-k-c0x00ffffff-no-rj"
7,"2024-09-19 10:37:37","YbORj9t0QkA","Bola Basket 3x3 | Day 4 - Final Day | PON XXI Aceh-Sumut 2024","Indonesia Basketball","gacor","ChwKGkNJX1JpSmZvem9nREZYc3YxZ0FkZU5FajlB",":ferris_wheel:ğ—” ğ—š ğ—˜ ğ—¡ ğŸ´ ğŸ³ ğŸ´:ferris_wheel:gacor nya mantap","textMessage","UCnLqM059q9uq6cuWu_KpCIA","Ø¹Ø¨Ø¯Ø§Ù„Ø­Ù…ÙŠØ¯ Ø§Ù„Ø³ÙŠØ¯","false","http://www.youtube.com/channel/UCnLqM059q9uq6cuWu_KpCIA","https://yt4.ggpht.com/-BHqDIAp-eMvWCUoT6b8qLqBZ1NR4ELdMZ4PNl9iSZ-gJX2xuldLBJm455xyBVHY-IL1W1FmmA=s64-c-k-c0x00ffffff-no-rj"
8,"2024-09-19 10:38:01","YbORj9t0QkA","Bola Basket 3x3 | Day 4 - Final Day | PON XXI Aceh-Sumut 2024","Indonesia Basketball","Pulau777","ChwKGkNKeWd3Nkxvem9nREZhNEsxZ0FkeVdRRHVR","Pulau777 :star: member baru psti jepe","textMessage","UCl6UPu4Ur4zHeX3qctNFH9A","Christin Cordes","false","http://www.youtube.com/channel/UCl6UPu4Ur4zHeX3qctNFH9A","https://yt4.ggpht.com/zNK9hZwDLaBQUDeMQqBSTHya2NBXfGtgr3fGCJ1vNvvV1vhwA408rSe2RXQLQm7i777l2bT3RNE=s64-c-k-c0x00ffffff-no-rj"
9,"2024-09-19 10:38:01","YbORj9t0QkA","Bola Basket 3x3 | Day 4 - Final Day | PON XXI Aceh-Sumut 2024","Indonesia Basketball","jepe","ChwKGkNKeWd3Nkxvem9nREZhNEsxZ0FkeVdRRHVR","Pulau777 :star: member baru psti jepe","textMessage","UCl6UPu4Ur4zHeX3qctNFH9A","Christin Cordes","false","http://www.youtube.com/channel/UCl6UPu4Ur4zHeX3qctNFH9A","https://yt4.ggpht.com/zNK9hZwDLaBQUDeMQqBSTHya2NBXfGtgr3fGCJ1vNvvV1vhwA408rSe2RXQLQm7i777l2bT3RNE=s64-c-k-c0x00ffffff-no-rj"
10,"2024-09-19 10:38:27","YbORj9t0QkA","Bola Basket 3x3 | Day 4 - Final Day | PON XXI Aceh-Sumut 2024","Indonesia Basketball","Pulau777","ChwKGkNONnRfSzdvem9nREZYTUsxZ0FkeHIwN1ZB","NewMember :star:Pulau777 Psti Jp","textMessage","UC-Y8Yrh3-BIMfRDa1TwaoOw","Ana Kelly","false","http://www.youtube.com/channel/UC-Y8Yrh3-BIMfRDa1TwaoOw","https://yt4.ggpht.com/iEvcrP4IoIAHSysK0PaBelfV2wq9e5NQuQq6XIsGiW2RU8_97TRC_73BfNlMWY_45hV_D15DjQ=s64-c-k-c0x00ffffff-no-rj"
11,"2024-09-19 10:38:51","YbORj9t0QkA","Bola Basket 3x3 | Day 4 - Final Day | PON XXI Aceh-Sumut 2024","Indonesia Basketball","Pulau777","ChwKGkNLSG50N3Jvem9nREZWNEgxZ0FkVEpBSTdB",":star:Pulau777 Tempat Cari Cuan No 1 Indonesia","textMessage","UChLh2wSTYyYCGYKrji2iPwg","Salma Jaanu","false","http://www.youtube.com/channel/UChLh2wSTYyYCGYKrji2iPwg","https://yt4.ggpht.com/Pm9jHMLqE36REDVIIbXkOCj-PhHw26Cme8n1KBIP60__kV8pFrpMhLPyp_wc9SyQKhxFCmYpb-g=s64-c-k-c0x00ffffff-no-rj"
12,"2024-09-19 10:39:15","YbORj9t0QkA","Bola Basket 3x3 | Day 4 - Final Day | PON XXI Aceh-Sumut 2024","Indonesia Basketball","gacor","ChwKGkNLYlYtOFhvem9nREZiOEoxZ0FkUUVZVzlB",":mahjong_red_dragon:ğ—”ğ—šğ—˜ğ—¡ğŸ´ğŸ³ğŸ´:mahjong_red_dragon:ni yg lagi viral gacor nya","textMessage","UCjk33DwxzP3-J6ADuw99uhQ","Alex Andrade","false","http://www.youtube.com/channel/UCjk33DwxzP3-J6ADuw99uhQ","https://yt4.ggpht.com/89WRvbzGNozxS6VbXaZ0iG1wgbFV4Mk0NXwhLFZqeyIJgjIpaALA6nR7JklyNbO7Ac_Dm5Q9Vxs=s64-c-k-c0x00ffffff-no-rj"
13,"2024-09-19 10:39:16","YbORj9t0QkA","Bola Basket 3x3 | Day 4 - Final Day | PON XXI Aceh-Sumut 2024","Indonesia Basketball","Pulau777","ChwKGkNJbTVwc2Jvem9nREZYc3YxZ0FkZU5FajlB",":star:Pulau777 Anti Rungkad","textMessage","UCROwqgJlUM4cXH02LSFwl8g","ì†Œë“•í•œì´ì§€ê¸ˆ","false","http://www.youtube.com/channel/UCROwqgJlUM4cXH02LSFwl8g","https://yt4.ggpht.com/H5caaqQNXwiFbbe9khaxwR2Kbc0JNpbkmMsYVMYxNLpf0DYcbMAAV5-1u32QElCTsJhwjFtpmg=s64-c-k-c0x00ffffff-no-rj"
14,"2024-09-19 10:39:40","YbORj9t0QkA","Bola Basket 3x3 | Day 4 - Final Day | PON XXI Aceh-Sumut 2024","Indonesia Basketball","Pulau777","ChwKGkNJTzF4Tkhvem9nREZRSXQxZ0FkRDBJSEVn","Gass Pulau777:star: Ladang Cuan:star:","textMessage","UC36-tkyTFYijlpKpgfx9O2Q","Zidan Rizqananda","false","http://www.youtube.com/channel/UC36-tkyTFYijlpKpgfx9O2Q","https://yt4.ggpht.com/SXawEb37zGAscMJY_dE13-XTAveeAPITcEU2yWfnNBcd8IdnNIgP6IO1aGpi7mC_JphLqs8=s64-c-k-c0x00ffffff-no-rj"
15,"2024-09-19 10:40:05","YbORj9t0QkA","Bola Basket 3x3 | Day 4 - Final Day | PON XXI Aceh-Sumut 2024","Indonesia Basketball","Pulau777","ChwKGkNMcVZ1ZDNvem9nREZXb3YxZ0FkNUtreUVn","Pulau777 :star: member baru psti jepe","textMessage","UC9DP9DiLZv6pDnpELZve1RQ","pollyana camargo","false","http://www.youtube.com/channel/UC9DP9DiLZv6pDnpELZve1RQ","https://yt4.ggpht.com/6sBmOUgV3NNduZMeceV5NjaiQMVUV3Lz65NE0VAQf_Px4ivblbeEeR58GZS_hxExYoEWD6omTMA=s64-c-k-c0x00ffffff-no-rj"
16,"2024-09-19 10:40:05","YbORj9t0QkA","Bola Basket 3x3 | Day 4 - Final Day | PON XXI Aceh-Sumut 2024","Indonesia Basketball","jepe","ChwKGkNMcVZ1ZDNvem9nREZXb3YxZ0FkNUtreUVn","Pulau777 :star: member baru psti jepe","textMessage","UC9DP9DiLZv6pDnpELZve1RQ","pollyana camargo","false","http://www.youtube.com/channel/UC9DP9DiLZv6pDnpELZve1RQ","https://yt4.ggpht.com/6sBmOUgV3NNduZMeceV5NjaiQMVUV3Lz65NE0VAQf_Px4ivblbeEeR58GZS_hxExYoEWD6omTMA=s64-c-k-c0x00ffffff-no-rj"
17,"2024-09-19 10:40:10","YbORj9t0QkA","Bola Basket 3x3 | Day 4 - Final Day | PON XXI Aceh-Sumut 2024","Indonesia Basketball","jepe","ChwKGkNJcWIzdF9vem9nREZSSUgxZ0FkRlJjcU5n",":heavy_dollar_sign:ğ—”ğ—šğ—˜ğ—¡ğŸ´ğŸ³ğŸ´:heavy_dollar_sign:jamin jepe:high_voltage:","textMessage","UCz2eIud9TaQvCJ1w7nLf1Bw","Napoleon in exile","false","http://www.youtube.com/channel/UCz2eIud9TaQvCJ1w7nLf1Bw","https://yt4.ggpht.com/ENsfpHUwUkbTXBxc-6e7uF23hf5eQ6vjdcQNr5IjTtqSBlm2_nQEHVfd0wTeFw41a6iB8IxSbg=s64-c-k-c0x00ffffff-no-rj"
18,"2024-09-19 10:40:30","YbORj9t0QkA","Bola Basket 3x3 | Day 4 - Final Day | PON XXI Aceh-Sumut 2024","Indonesia Basketball","Pulau777","ChwKGkNObS10LW5vem9nREZYVXYxZ0FkSkE4Z2dR","NewMember :star:Pulau777 Psti Jp","textMessage","UCBZe2pm227NEfIcHEHf6yTQ","Ishan Mishra","false","http://www.youtube.com/channel/UCBZe2pm227NEfIcHEHf6yTQ","https://yt4.ggpht.com/QgTuKhk3El8L9yetGnc82RBCWVz5gD3a7PGj9Ju4l0MUsyJRNmOVDoe5DZX3n0RmygbkGXizag=s64-c-k-c0x00ffffff-no-rj"
19,"2024-09-19 10:40:46","YbORj9t0QkA","Bola Basket 3x3 | Day 4 - Final Day | PON XXI Aceh-Sumut 2024","Indonesia Basketball","jepe","ChwKGkNKRFZydkhvem9nREZjOEoxZ0FkME5NQlVR",":kiss:ğ˜¿ğ™Šğ™’ğ™€ğ™ğŸ´ğŸ´:kiss:member baru psti jepe","textMessage","UCQdqKTFRGUZgCuxQfvuIlwQ","memo- Ù…ÙŠÙ…Ùˆ","false","http://www.youtube.com/channel/UCQdqKTFRGUZgCuxQfvuIlwQ","https://yt4.ggpht.com/3T8uM0hH_EUYcEjbneb6VecXUcgM4bUfpnlhYJV6dr3ycd7XvxfmJRVxMnxnEzpmr7SXsWF0HQ=s64-c-k-c0x00ffffff-no-rj"
20,"2024-09-19 10:40:54","YbORj9t0QkA","Bola Basket 3x3 | Day 4 - Final Day | PON XXI Aceh-Sumut 2024","Indonesia Basketball","Pulau777","ChwKGkNPak9pZlhvem9nREZjY0sxZ0FkRE1jTFZn",":star:Pulau777 Tempat Cari Cuan No 1 Indonesia","textMessage","UC121D_JjlW_j9CHXWWorRWg","Diá»…m Kiá»u","false","http://www.youtube.com/channel/UC121D_JjlW_j9CHXWWorRWg","https://yt4.ggpht.com/yndLBrgB6iV_bFXa_KM3m_iamwvbZqysIgic5s7F8CVRBT9rtwniITgU1MrutR9oxgCoR1ouwcY=s64-c-k-c0x00ffffff-no-rj"
21,"2024-09-19 10:41:19","YbORj9t0QkA","Bola Basket 3x3 | Day 4 - Final Day | PON XXI Aceh-Sumut 2024","Indonesia Basketball","Pulau777","ChwKGkNJSFQzWURwem9nREZjY0sxZ0FkRE1jTFZn",":star:Pulau777 Anti Rungkad","textMessage","UCiHKzjXnJq66zERO7u60_gg","Vano Vano","false","http://www.youtube.com/channel/UCiHKzjXnJq66zERO7u60_gg","https://yt4.ggpht.com/j2T9_P3cZThqTxzcE6Zs_3Fl1aMW29GzZ51sYl61eoKIWKSyrvdqTn0hPM1VpGx5A3dZfcjJ2g=s64-c-k-c0x00ffffff-no-rj"
22,"2024-09-19 10:41:34","YbORj9t0QkA","Bola Basket 3x3 | Day 4 - Final Day | PON XXI Aceh-Sumut 2024","Indonesia Basketball","gacor","ChwKGkNQSGJsWWpwem9nREZSMEkxZ0FkYnJJdGtB",":crown:ğ——ğŸ¬ğ—ªğ—˜ğ—¥ğŸ´ğŸ´:sparkles:sangat gacorr:high_voltage:","textMessage","UCH_pZDmLN4ApJOadHkqJ46w","cityboy_chad ğŸ“º","false","http://www.youtube.com/channel/UCH_pZDmLN4ApJOadHkqJ46w","https://yt4.ggpht.com/Z8kDC8SWRLuw1A2PKmJDMGf7LIyjiXh720mkR8wB2ej1anzY4uZmrSuhAEoZ-jldi457edu8Zg=s64-c-k-c0x00ffffff-no-rj"
23,"2024-09-19 10:41:45","YbORj9t0QkA","Bola Basket 3x3 | Day 4 - Final Day | PON XXI Aceh-Sumut 2024","Indonesia Basketball","Pulau777","ChwKGkNKSFVsWTNwem9nREZXWUsxZ0FkSDlZQXVR","Gass Pulau777:star: Ladang Cuan:star:","textMessage","UCURI1mKCE0nzFD6b76GLrTw","Ğ”Ğ°Ğ½Ğ¸Ğ» Ğ“ĞµÑĞµĞ¼","false","http://www.youtube.com/channel/UCURI1mKCE0nzFD6b76GLrTw","https://yt4.ggpht.com/FklugS1GXGD4fAKusL7niYSf1cSHdZ9NyihOKVA9w8UQjt8r50qh1sOesNb4OnEeKprcvJgjyQ=s64-c-k-c0x00ffffff-no-rj"
24,"2024-09-19 10:42:11","YbORj9t0QkA","Bola Basket 3x3 | Day 4 - Final Day | PON XXI Aceh-Sumut 2024","Indonesia Basketball","Pulau777","ChwKGkNPZUh5Sm5wem9nREZhNEsxZ0FkeVdRRHVR","Pulau777 :star: member baru psti jepe","textMessage","UCK2FhI-tiOWR6gUJH94vDKQ","SD vlogs and sd plants","false","http://www.youtube.com/channel/UCK2FhI-tiOWR6gUJH94vDKQ","https://yt4.ggpht.com/CVvFN4AjZTNitU9CGqz6Kn0_oyJeFQN16l39qGCdc9d73LQTT6986dqAFQ6xFWLsWiglxjtWHQ=s64-c-k-c0x00ffffff-no-rj"
25,"2024-09-19 10:42:11","YbORj9t0QkA","Bola Basket 3x3 | Day 4 - Final Day | PON XXI Aceh-Sumut 2024","Indonesia Basketball","jepe","ChwKGkNPZUh5Sm5wem9nREZhNEsxZ0FkeVdRRHVR","Pulau777 :star: member baru psti jepe","textMessage","UCK2FhI-tiOWR6gUJH94vDKQ","SD vlogs and sd plants","false","http://www.youtube.com/channel/UCK2FhI-tiOWR6gUJH94vDKQ","https://yt4.ggpht.com/CVvFN4AjZTNitU9CGqz6Kn0_oyJeFQN16l39qGCdc9d73LQTT6986dqAFQ6xFWLsWiglxjtWHQ=s64-c-k-c0x00ffffff-no-rj"
26,"2024-09-19 10:42:36","YbORj9t0QkA","Bola Basket 3x3 | Day 4 - Final Day | PON XXI Aceh-Sumut 2024","Indonesia Basketball","Pulau777","ChwKGkNPZkVyNlhwem9nREZWUUYxZ0Fkdk1BTnVB","NewMember :star:Pulau777 Psti Jp","textMessage","UCnbdDJDlrRQqGPtJnJM5dtA","Tierra Briggs","false","http://www.youtube.com/channel/UCnbdDJDlrRQqGPtJnJM5dtA","https://yt4.ggpht.com/D0YKtrZkby6ptpEmTqXL8t8TxXz-4BiICUdtEwh9Wxhh-F6CDCMjZDaWB9carcGxvoI-j_ScWLw=s64-c-k-c0x00ffffff-no-rj"
27,"2024-09-19 10:43:01","YbORj9t0QkA","Bola Basket 3x3 | Day 4 - Final Day | PON XXI Aceh-Sumut 2024","Indonesia Basketball","Pulau777","ChwKGkNKbTRxN0hwem9nREZmY0sxZ0FkQThJSGpR",":star:Pulau777 Tempat Cari Cuan No 1 Indonesia","textMessage","UC9slzMKPs6ZktHUvWxnqVcA","ĞĞ»Ñ ĞœĞ°Ğ»Ğ¸Ğº","false","http://www.youtube.com/channel/UC9slzMKPs6ZktHUvWxnqVcA","https://yt4.ggpht.com/sspMm17JpyQw8yym5MEMHbR_fCPHw6LGFBcGANk6N4Dil6a9qaz4Vle1NMyiZE_3lAZeiad_fZk=s64-c-k-c0x00ffffff-no-rj"
28,"2024-09-19 10:43:25","YbORj9t0QkA","Bola Basket 3x3 | Day 4 - Final Day | PON XXI Aceh-Sumut 2024","Indonesia Basketball","Pulau777","ChwKGkNJcWFocjNwem9nREZRZ0sxZ0FkTVhRTXVB",":star:Pulau777 Anti Rungkad","textMessage","UCI_iKwvGBli316Q56ztk6ZQ","Ø¯Ø¹Ø§Ø¡ Ø¬Ø¨Ø§Ø± Ø§Ù„Ù‚ÙŠØ³ÙŠÙ‡","false","http://www.youtube.com/channel/UCI_iKwvGBli316Q56ztk6ZQ","https://yt4.ggpht.com/V_xHqnt9EFLB0j6CWKSStwUeOa_SrjP2007NQ0_f4uwPRTeZ5CKBy5ecToZ_zWTYW8rJMJeneA=s64-c-k-c0x00ffffff-no-rj"
29,"2024-09-19 10:43:49","YbORj9t0QkA","Bola Basket 3x3 | Day 4 - Final Day | PON XXI Aceh-Sumut 2024","Indonesia Basketball","Pulau777","ChwKGkNJYUZzc2pwem9nREZTZ0sxZ0FkMTY0RnNR","Gass Pulau777:star: Ladang Cuan:star:","textMessage","UCWQM6mvKBlaGghT3uuzHSCQ","Andre ozan","false","http://www.youtube.com/channel/UCWQM6mvKBlaGghT3uuzHSCQ","https://yt4.ggpht.com/xeoYMAENSpKv6tbIcy5Y0LYYIO_hySAoKrN3tiIZ1o7zKVvFmqCaLQZbLeU4gdeli0WMDgpj7w=s64-c-k-c0x00ffffff-no-rj"
30,"2024-09-19 10:44:14","YbORj9t0QkA","Bola Basket 3x3 | Day 4 - Final Day | PON XXI Aceh-Sumut 2024","Indonesia Basketball","Pulau777","ChwKGkNQYmdsdFRwem9nREZhY0cxZ0FkSUY4QjdB","Pulau777 :star: member baru psti jepe","textMessage","UC75F9X2w-QvKEv9JTH_XLDQ","Celito GonÃ§alves","false","http://www.youtube.com/channel/UC75F9X2w-QvKEv9JTH_XLDQ","https://yt4.ggpht.com/Wf7HlPzoiOaIgKMvns2JTnugsol6r3el-kogS9qRdfPPf--0azppxJ9e5tlflUY5DnumOKWVMDY=s64-c-k-c0x00ffffff-no-rj"
31,"2024-09-19 10:44:14","YbORj9t0QkA","Bola Basket 3x3 | Day 4 - Final Day | PON XXI Aceh-Sumut 2024","Indonesia Basketball","jepe","ChwKGkNQYmdsdFRwem9nREZhY0cxZ0FkSUY4QjdB","Pulau777 :star: member baru psti jepe","textMessage","UC75F9X2w-QvKEv9JTH_XLDQ","Celito GonÃ§alves","false","http://www.youtube.com/channel/UC75F9X2w-QvKEv9JTH_XLDQ","https://yt4.ggpht.com/Wf7HlPzoiOaIgKMvns2JTnugsol6r3el-kogS9qRdfPPf--0azppxJ9e5tlflUY5DnumOKWVMDY=s64-c-k-c0x00ffffff-no-rj"
32,"2024-09-19 10:44:39","YbORj9t0QkA","Bola Basket 3x3 | Day 4 - Final Day | PON XXI Aceh-Sumut 2024","Indonesia Basketball","Pulau777","ChwKGkNKanZqdURwem9nREZYVXYxZ0FkSkE4Z2dR","NewMember :star:Pulau777 Psti Jp","textMessage","UCClWAg8wxm8dIupWdR5kwJg","MineIndra official7","false","http://www.youtube.com/channel/UCClWAg8wxm8dIupWdR5kwJg","https://yt4.ggpht.com/OaFlN9lw6wrfEjaOZ-rWo1MCV9f48sqtg5BjEYffUciFeus_f9yf31z32TW1Hcx1A2vSQkdakZ8=s64-c-k-c0x00ffffff-no-rj"
33,"2024-09-19 10:44:46","YbORj9t0QkA","Bola Basket 3x3 | Day 4 - Final Day | PON XXI Aceh-Sumut 2024","Indonesia Basketball","jepe","ChwKGkNKLXh2LVBwem9nREZiX1B3Z1FkWEJVRWZn"," :high_voltage:GA RU DA HO KIê§‚Member baru pasti_jepe ","textMessage","UCP-9vyv3WE7rc4iA9tEPWKQ","Fahri Ramadhan","false","http://www.youtube.com/channel/UCP-9vyv3WE7rc4iA9tEPWKQ","https://yt4.ggpht.com/ytc/AIdro_n1UKC1gAN-YFZhCUog2kUuCJSGEwpbZCeeUyGChCtqFwdMgMoUCpJptjOM5HdMhNgHCg=s64-c-k-c0x00ffffff-no-rj"
34,"2024-09-19 10:45:05","YbORj9t0QkA","Bola Basket 3x3 | Day 4 - Final Day | PON XXI Aceh-Sumut 2024","Indonesia Basketball","Pulau777","ChwKGkNLSEF3LXpwem9nREZVc0gxZ0FkUWp3VVBR",":star:Pulau777 Tempat Cari Cuan No 1 Indonesia","textMessage","UCUugXLwZzZNE2bxBdTdOMKQ","_/JetboyRocky'84\_ tyler","false","http://www.youtube.com/channel/UCUugXLwZzZNE2bxBdTdOMKQ","https://yt4.ggpht.com/e3REOihuNxtcpyRYhPMq1cFlF-8euvlTZAhrRKmJ2eznWii2bpmtyxr6h9XFTfAJ6zEU6fCGcQ=s64-c-k-c0x00ffffff-no-rj"
35,"2024-09-19 10:45:30","YbORj9t0QkA","Bola Basket 3x3 | Day 4 - Final Day | PON XXI Aceh-Sumut 2024","Indonesia Basketball","Pulau777","ChwKGkNJT2oxdmpwem9nREZhY0kxZ0FkSnA0dWtB",":star:Pulau777 Anti Rungkad","textMessage","UCeqpjvK_pq7_gZ9E2b4G7gA","AArumuga Samy","false","http://www.youtube.com/channel/UCeqpjvK_pq7_gZ9E2b4G7gA","https://yt4.ggpht.com/egkmDXd3TUiULIvJ_gUc3kRgBIoEcYqiNJUmz7lxGc4dLxLKx0v6L0wuZhISCbxaK8hcnSr8mig=s64-c-k-c0x00ffffff-no-rj"
36,"2024-09-19 11:01:14","AvwfDKZg8Uw","[LIVE] PON XXI ACEH - SUMUT 2024","konijabar tv","jp","ChwKGkNPaS02N3J0em9nREZZTUoxZ0FkaTF3eHNR",":1st_place_medal:ğ™…ğ˜¼ğ™‹ğ™ğ™„ğŸ­ğŸ¯ğŸ´:1st_place_medal:pasti jp no tipu tipu","textMessage","UCGzBmLHSFWcMQObbFGH0tDQ","ØµØ¨Ø­ÙŠ Ø§Ù„Ø¬Ø¨ÙˆØ±","false","http://www.youtube.com/channel/UCGzBmLHSFWcMQObbFGH0tDQ","https://yt4.ggpht.com/MHol61D2eu2VHK2v08WEhBnDtOs6KM2ayo3_vukV1-3ymtAtRwQvuz9yLnJVzRnwL6WXNCTxyms=s64-c-k-c0x00ffffff-no-rj"
37,"2024-09-19 11:01:40","AvwfDKZg8Uw","[LIVE] PON XXI ACEH - SUMUT 2024","konijabar tv","gacor","ChwKGkNOSHc4c2J0em9nREZmazUxZ0FkSXp3MmtB",":hibiscus:ğ™…ğ˜¼ğ™‹ğ™ğ™„ğŸ­ğŸ¯ğŸ´:hibiscus:gacor parah","textMessage","UCrawu4oaa3WUkXz9vf4ojwA","kareem king ","false","http://www.youtube.com/channel/UCrawu4oaa3WUkXz9vf4ojwA","https://yt4.ggpht.com/Emk_jZlm0MsPPBNzZaJ0oJD_jxwOYMCAe8ZdLits67_GAvex9h0JEwBdnmdLUkfU6FZn5zGI=s64-c-k-c0x00ffffff-no-rj"
38,"2024-09-19 11:02:08","AvwfDKZg8Uw","[LIVE] PON XXI ACEH - SUMUT 2024","konijabar tv","gacor","ChwKGkNJSHd2TlR0em9nREZWNEgxZ0FkVEpBSTdB",":1st_place_medal:ğ™…ğ˜¼ğ™‹ğ™ğ™„ğŸ­ğŸ¯ğŸ´:1st_place_medal:tergacor dijamin jp","textMessage","UC8XQoxATdVC0Tm-OWL9Vyug","Mahmoud Ahmed","false","http://www.youtube.com/channel/UC8XQoxATdVC0Tm-OWL9Vyug","https://yt4.ggpht.com/g4DcMOSSQpzaV16rlrlH69BWMDnW5JBCs77RNXL_obAc2h2FbHTT29TdyY-uJRN5IfHQgewlVw=s64-c-k-c0x00ffffff-no-rj"
39,"2024-09-19 11:02:08","AvwfDKZg8Uw","[LIVE] PON XXI ACEH - SUMUT 2024","konijabar tv","jp","ChwKGkNJSHd2TlR0em9nREZWNEgxZ0FkVEpBSTdB",":1st_place_medal:ğ™…ğ˜¼ğ™‹ğ™ğ™„ğŸ­ğŸ¯ğŸ´:1st_place_medal:tergacor dijamin jp","textMessage","UC8XQoxATdVC0Tm-OWL9Vyug","Mahmoud Ahmed","false","http://www.youtube.com/channel/UC8XQoxATdVC0Tm-OWL9Vyug","https://yt4.ggpht.com/g4DcMOSSQpzaV16rlrlH69BWMDnW5JBCs77RNXL_obAc2h2FbHTT29TdyY-uJRN5IfHQgewlVw=s64-c-k-c0x00ffffff-no-rj"
40,"2024-09-19 11:02:33","AvwfDKZg8Uw","[LIVE] PON XXI ACEH - SUMUT 2024","konijabar tv","gacor","ChwKGkNQRHRtLUR0em9nREZkRXQxZ0FkUHpRdUdn","ğ™… ğ˜¼ ğ™‹ ğ™ ğ™„ ğŸ­ ğŸ¯ ğŸ´ tergacor:herb:","textMessage","UCbN_Lh6CUCQCVUEOk3GKKFw","Ø§Ø±ÙŠÙ†Ø§Ø³ Ø§Ø±ÙŠÙ†Ø§Ø³ğŸ’—ğŸ’“","false","http://www.youtube.com/channel/UCbN_Lh6CUCQCVUEOk3GKKFw","https://yt4.ggpht.com/Ezn4ZZfWrbW2AKyEQG_ltrZmwBns_cA4-gUHfBYGnBe_H8myVNOZxY0NdVkzzSXvxGeiO9PLl54=s64-c-k-c0x00ffffff-no-rj"
41,"2024-09-19 11:03:29","AvwfDKZg8Uw","[LIVE] PON XXI ACEH - SUMUT 2024","konijabar tv","gacor","ChwKGkNLUHU5ZnJ0em9nREZVc0gxZ0FkUWp3VVBR",":gem_stone:ğ™…ğ˜¼ğ™‹ğ™ğ™„138:gem_stone:paling gacorr","textMessage","UC76kgr3YZj7n-i5ag6bZU5Q","rabie elomr","false","http://www.youtube.com/channel/UC76kgr3YZj7n-i5ag6bZU5Q","https://yt4.ggpht.com/Ah0vN7u95BIupMYRoRjhKprVrTA_4mmP3OEmmFF3gn8y8HvmkEguD_2xOWlTyOTyPhNhx0NhQKY=s64-c-k-c0x00ffffff-no-rj"
42,"2024-09-19 11:03:53","AvwfDKZg8Uw","[LIVE] PON XXI ACEH - SUMUT 2024","konijabar tv","gacor","ChwKGkNNR01wb2J1em9nREZaUThyUVlkaWFJYXNn","Megawati gacor","textMessage","UCtrNUFg7r7_xgclL-3locjQ","Gizan Putra","false","http://www.youtube.com/channel/UCtrNUFg7r7_xgclL-3locjQ","https://yt4.ggpht.com/ytc/AIdro_n-d8Kk6QLNzAE2QtLDIDvn0rEMjhh53mz8c2GhwIqkvw=s64-c-k-c0x00ffffff-no-rj"
43,"2024-09-19 11:06:41","AvwfDKZg8Uw","[LIVE] PON XXI ACEH - SUMUT 2024","konijabar tv","jp","ChwKGkNPYmt3ZGJ1em9nREZXWUsxZ0FkSDlZQXVR",":rainbow:ğ™…ğ˜¼ğ™‹ğ™ğ™„ğŸ­ğŸ¯ğŸ´:rainbow:member baru pasti jp","textMessage","UCmWIRQ7dSz2CQO7_wtiYlRQ","Ø­Ø³ÙŠÙ† Ø¹Ù„ÙŠ ","false","http://www.youtube.com/channel/UCmWIRQ7dSz2CQO7_wtiYlRQ","https://yt4.ggpht.com/5aRKdT66cevVniducNzhfHYbD-u5obZRvzeADnX_uGhcvjA2xOGrHmBmZLiPFK1ajQahjJv_Pg=s64-c-k-c0x00ffffff-no-rj"
44,"2024-09-19 11:07:06","AvwfDKZg8Uw","[LIVE] PON XXI ACEH - SUMUT 2024","konijabar tv","gacor","ChwKGkNKVHRxLUx1em9nREZYWUkxZ0FkOUJ3bWRn",":woman_dancing:ğ™…ğ˜¼ğ™‹ğ™ğ™„ğŸ­ğŸ¯ğŸ´:woman_dancing:tergacor dijamin jp","textMessage","UCViQm1eqhMsRvvzbmfmfjbg","Mahmoud Sayed ","false","http://www.youtube.com/channel/UCViQm1eqhMsRvvzbmfmfjbg","https://yt4.ggpht.com/hr6DlU1KNB64wkNIo-RHIY3fOCiYPwPG29sf7eS0bN4PIQLjo5QPaijxNvBRuIDAuZLBSYgZ3KI=s64-c-k-c0x00ffffff-no-rj"
45,"2024-09-19 11:07:06","AvwfDKZg8Uw","[LIVE] PON XXI ACEH - SUMUT 2024","konijabar tv","jp","ChwKGkNKVHRxLUx1em9nREZYWUkxZ0FkOUJ3bWRn",":woman_dancing:ğ™…ğ˜¼ğ™‹ğ™ğ™„ğŸ­ğŸ¯ğŸ´:woman_dancing:tergacor dijamin jp","textMessage","UCViQm1eqhMsRvvzbmfmfjbg","Mahmoud Sayed ","false","http://www.youtube.com/channel/UCViQm1eqhMsRvvzbmfmfjbg","https://yt4.ggpht.com/hr6DlU1KNB64wkNIo-RHIY3fOCiYPwPG29sf7eS0bN4PIQLjo5QPaijxNvBRuIDAuZLBSYgZ3KI=s64-c-k-c0x00ffffff-no-rj"
46,"2024-09-19 11:10:19","AvwfDKZg8Uw","[LIVE] PON XXI ACEH - SUMUT 2024","konijabar tv","jp","ChwKGkNQXy11TDd2em9nREZXb3YxZ0FkNUtreUVn",":1st_place_medal:ğ™…ğ˜¼ğ™‹ğ™ğ™„ğŸ­ğŸ¯ğŸ´:1st_place_medal:pasti jp no tipu tipu","textMessage","UCz0vZB24FZIJVpoqFB3koqQ","Larbi Amir","false","http://www.youtube.com/channel/UCz0vZB24FZIJVpoqFB3koqQ","https://yt4.ggpht.com/J69Hqg5A6o9ECLS5s1cmRZwTP6l__Ikg4H3vDAX0NoBESGV903EBXGNb18o6lHw8i2Bsd7AF8w=s64-c-k-c0x00ffffff-no-rj"
47,"2024-09-19 11:10:44","AvwfDKZg8Uw","[LIVE] PON XXI ACEH - SUMUT 2024","konijabar tv","gacor","ChwKGkNJbm14OHJ2em9nREZRc0sxZ0FkSlF3YlZR",":hibiscus:ğ™…ğ˜¼ğ™‹ğ™ğ™„ğŸ­ğŸ¯ğŸ´:hibiscus:gacor parah","textMessage","UC8h7LWzRHpcvTPdVd_oM2zg","Ø¹Ù„Ø§Ø¡ Ø¹ÙŠØ³Ù‰","false","http://www.youtube.com/channel/UC8h7LWzRHpcvTPdVd_oM2zg","https://yt4.ggpht.com/2VM5Yq-NNtmVrMXrjqJF1GIF7jR_ezep4T2kXOtHe3hbzuo1lCnCBmT84dYFsfDxIB4CH7_KxoU=s64-c-k-c0x00ffffff-no-rj"
48,"2024-09-19 11:11:13","AvwfDKZg8Uw","[LIVE] PON XXI ACEH - SUMUT 2024","konijabar tv","gacor","ChwKGkNJdmFsZGp2em9nREZSSUgxZ0FkRlJjcU5n",":1st_place_medal:ğ™…ğ˜¼ğ™‹ğ™ğ™„ğŸ­ğŸ¯ğŸ´:1st_place_medal:tergacor dijamin jp","textMessage","UC_rdpteYpKjwmR2vSsr5iCQ","Rj paul ","false","http://www.youtube.com/channel/UC_rdpteYpKjwmR2vSsr5iCQ","https://yt4.ggpht.com/_vo3jpPvqfpqkB9dHENrBtGYQFNVHXV49B6VxpnB7VSiLqP2kJGEw0ndXzGb4zNgoFompwLw=s64-c-k-c0x00ffffff-no-rj"
49,"2024-09-19 11:11:13","AvwfDKZg8Uw","[LIVE] PON XXI ACEH - SUMUT 2024","konijabar tv","jp","ChwKGkNJdmFsZGp2em9nREZSSUgxZ0FkRlJjcU5n",":1st_place_medal:ğ™…ğ˜¼ğ™‹ğ™ğ™„ğŸ­ğŸ¯ğŸ´:1st_place_medal:tergacor dijamin jp","textMessage","UC_rdpteYpKjwmR2vSsr5iCQ","Rj paul ","false","http://www.youtube.com/channel/UC_rdpteYpKjwmR2vSsr5iCQ","https://yt4.ggpht.com/_vo3jpPvqfpqkB9dHENrBtGYQFNVHXV49B6VxpnB7VSiLqP2kJGEw0ndXzGb4zNgoFompwLw=s64-c-k-c0x00ffffff-no-rj"
50,"2024-09-19 11:11:43","AvwfDKZg8Uw","[LIVE] PON XXI ACEH - SUMUT 2024","konijabar tv","gacor","ChwKGkNKXzl2T2J2em9nREZhY0kxZ0FkSnA0dWtB","ğ™… ğ˜¼ ğ™‹ ğ™ ğ™„ ğŸ­ ğŸ¯ ğŸ´ tergacor:herb:","textMessage","UCx7LMJ35bNU8tcMb6LDTw0w","Ø³ÙÙŠÙØ¯ÙØ±Ø¢","false","http://www.youtube.com/channel/UCx7LMJ35bNU8tcMb6LDTw0w","https://yt4.ggpht.com/sqz5SA9mApgTEhN2Xt0lVrKnaUGI9-XcMX9vlLouaxEm2x3YBPsAusn73nyjdU8PiqqT_25pIg=s64-c-k-c0x00ffffff-no-rj"
51,"2024-09-19 11:12:38","AvwfDKZg8Uw","[LIVE] PON XXI ACEH - SUMUT 2024","konijabar tv","gacor","ChwKGkNPN0Qzb0R3em9nREZYc3YxZ0FkZU5FajlB",":gem_stone:ğ™…ğ˜¼ğ™‹ğ™ğ™„138:gem_stone:paling gacorr","textMessage","UCEEv9FsiFgJEV2eCQ5kV9ig","wissal saadallah","false","http://www.youtube.com/channel/UCEEv9FsiFgJEV2eCQ5kV9ig","https://yt4.ggpht.com/kL8UUmMRai7IMQhFVPSBbXQaUlhTBiL5f8I0iVd1UfBQergzbQcHiz3CcVLHo7PtrjO9fSYfmA=s64-c-k-c0x00ffffff-no-rj"
52,"2024-09-19 11:15:54","AvwfDKZg8Uw","[LIVE] PON XXI ACEH - SUMUT 2024","konijabar tv","jp","ChwKGkNJN2N3OTd3em9nREZRc0sxZ0FkSlF3YlZR",":rainbow:ğ™…ğ˜¼ğ™‹ğ™ğ™„ğŸ­ğŸ¯ğŸ´:rainbow:member baru pasti jp","textMessage","UCYIhnH9UdD0T_dJhow4UrEg","ÙƒØ±Ø§Ø± Ø§Ø­Ù…Ø¯","false","http://www.youtube.com/channel/UCYIhnH9UdD0T_dJhow4UrEg","https://yt4.ggpht.com/Krz0fToLhtcpitNIyvsgVwja8tBiWc_XP49fGj-5LkUiRkC-xrD1Ug5E_0w9bY1dK79V6VnrPA=s64-c-k-c0x00ffffff-no-rj"
53,"2024-09-19 11:16:24","AvwfDKZg8Uw","[LIVE] PON XXI ACEH - SUMUT 2024","konijabar tv","gacor","ChwKGkNJdXI0T3p3em9nREZSSUgxZ0FkRlJjcU5n",":woman_dancing:ğ™…ğ˜¼ğ™‹ğ™ğ™„ğŸ­ğŸ¯ğŸ´:woman_dancing:tergacor dijamin jp","textMessage","UCheRtXQi2AbMkgd03qB4zxQ","Md Shamim Hossain ","false","http://www.youtube.com/channel/UCheRtXQi2AbMkgd03qB4zxQ","https://yt4.ggpht.com/uoFVLhpZ3VslnCvRn3POugSt1p03bpUVsoCJjRkcSTOik-xRE-r5Pmt9xXqxPeqrIkgBz74YjA=s64-c-k-c0x00ffffff-no-rj"
54,"2024-09-19 11:16:24","AvwfDKZg8Uw","[LIVE] PON XXI ACEH - SUMUT 2024","konijabar tv","jp","ChwKGkNJdXI0T3p3em9nREZSSUgxZ0FkRlJjcU5n",":woman_dancing:ğ™…ğ˜¼ğ™‹ğ™ğ™„ğŸ­ğŸ¯ğŸ´:woman_dancing:tergacor dijamin jp","textMessage","UCheRtXQi2AbMkgd03qB4zxQ","Md Shamim Hossain ","false","http://www.youtube.com/channel/UCheRtXQi2AbMkgd03qB4zxQ","https://yt4.ggpht.com/uoFVLhpZ3VslnCvRn3POugSt1p03bpUVsoCJjRkcSTOik-xRE-r5Pmt9xXqxPeqrIkgBz74YjA=s64-c-k-c0x00ffffff-no-rj"
55,"2024-09-19 11:19:38","AvwfDKZg8Uw","[LIVE] PON XXI ACEH - SUMUT 2024","konijabar tv","jp","ChwKGkNJeXpvOG54em9nREZVc0gxZ0FkUWp3VVBR",":1st_place_medal:ğ™…ğ˜¼ğ™‹ğ™ğ™„ğŸ­ğŸ¯ğŸ´:1st_place_medal:pasti jp no tipu tipu","textMessage","UCSoaQdfhiiS2N9_dn2MDdQQ","Ø²ÙÙ‡Ù’Ø±ÙØ© Ø§Ù„Ø²ÙØ¹Ù’ÙÙØ±Ø§Ù†","false","http://www.youtube.com/channel/UCSoaQdfhiiS2N9_dn2MDdQQ","https://yt4.ggpht.com/JbfSNaDVfLrBCZVdM_RVkVw39Y6SiEDOs6yNhh-BIkR4jQ6vqbY_N2ton6goAUjL1LAJCep33hw=s64-c-k-c0x00ffffff-no-rj"
56,"2024-09-19 11:20:04","AvwfDKZg8Uw","[LIVE] PON XXI ACEH - SUMUT 2024","konijabar tv","gacor","ChwKGkNPYW51ZFh4em9nREZUa0sxZ0FkYXVBeGRn",":hibiscus:ğ™…ğ˜¼ğ™‹ğ™ğ™„ğŸ­ğŸ¯ğŸ´:hibiscus:gacor parah","textMessage","UCO4fankmqhzL8SAjW43TDIA","Tamer El-araby","false","http://www.youtube.com/channel/UCO4fankmqhzL8SAjW43TDIA","https://yt4.ggpht.com/FT38vdxP5HvmHMgWFXV6JHyhLGhPLbW7xd8DR_I3ofaTtdRYUC_9iZUyx9O0AwGZONoNexKEliQ=s64-c-k-c0x00ffffff-no-rj"
57,"2024-09-19 11:20:32","AvwfDKZg8Uw","[LIVE] PON XXI ACEH - SUMUT 2024","konijabar tv","gacor","ChwKGkNKcmQ5dUx4em9nREZmazUxZ0FkSXp3MmtB",":1st_place_medal:ğ™…ğ˜¼ğ™‹ğ™ğ™„ğŸ­ğŸ¯ğŸ´:1st_place_medal:tergacor dijamin jp","textMessage","UCAnZD3ekZfjD4enV-8SWxAg","Ø¹Ø§Ø¦Ø´Ù‡","false","http://www.youtube.com/channel/UCAnZD3ekZfjD4enV-8SWxAg","https://yt4.ggpht.com/UFMAeMWwpQWfED6tX8kRy7jjR7UlZqJjwDCWI7sIBMO-O4ObX-DJEfCTPfp3_6DCnssh0NB1cw=s64-c-k-c0x00ffffff-no-rj"
58,"2024-09-19 11:20:32","AvwfDKZg8Uw","[LIVE] PON XXI ACEH - SUMUT 2024","konijabar tv","jp","ChwKGkNKcmQ5dUx4em9nREZmazUxZ0FkSXp3MmtB",":1st_place_medal:ğ™…ğ˜¼ğ™‹ğ™ğ™„ğŸ­ğŸ¯ğŸ´:1st_place_medal:tergacor dijamin jp","textMessage","UCAnZD3ekZfjD4enV-8SWxAg","Ø¹Ø§Ø¦Ø´Ù‡","false","http://www.youtube.com/channel/UCAnZD3ekZfjD4enV-8SWxAg","https://yt4.ggpht.com/UFMAeMWwpQWfED6tX8kRy7jjR7UlZqJjwDCWI7sIBMO-O4ObX-DJEfCTPfp3_6DCnssh0NB1cw=s64-c-k-c0x00ffffff-no-rj"
59,"2024-09-19 11:20:58","AvwfDKZg8Uw","[LIVE] PON XXI ACEH - SUMUT 2024","konijabar tv","gacor","ChwKGkNJSDJudV94em9nREZVc0gxZ0FkUWp3VVBR","ğ™… ğ˜¼ ğ™‹ ğ™ ğ™„ ğŸ­ ğŸ¯ ğŸ´ tergacor:herb:","textMessage","UCLfBczQZuKmYJ-LsWbu06jg","Hossam Saied Abdelsalam ","false","http://www.youtube.com/channel/UCLfBczQZuKmYJ-LsWbu06jg","https://yt4.ggpht.com/RLRUxZzdhnmF4Q3ZXgX7MxKGS46HmFZELz8yB3qTb-5CiyEKGc52f-LW2Ie3wFx8eawuv2t5=s64-c-k-c0x00ffffff-no-rj"
60,"2024-09-19 11:21:52","AvwfDKZg8Uw","[LIVE] PON XXI ACEH - SUMUT 2024","konijabar tv","gacor","ChwKGkNQMk43SWp5em9nREZZTUoxZ0FkaTF3eHNR",":gem_stone:ğ™…ğ˜¼ğ™‹ğ™ğ™„138:gem_stone:paling gacorr","textMessage","UC17vwUzdldTHOiLNQElUJKw","Ø­Ø³Ø§Ù… Ø§Ù„ØºØ±ÙŠØ¨ ","false","http://www.youtube.com/channel/UC17vwUzdldTHOiLNQElUJKw","https://yt4.ggpht.com/Wqj0KJBYkvOlYhA14aRSBMQPJT8hWUjBKNoyItNAPq2NzU9b7dDVFYIkkur4qxIbfNT2bZ18IA=s64-c-k-c0x00ffffff-no-rj"
61,"2024-09-19 11:25:02","AvwfDKZg8Uw","[LIVE] PON XXI ACEH - SUMUT 2024","konijabar tv","jp","ChwKGkNPNzcyLVB5em9nREZYWUkxZ0FkOUJ3bWRn",":rainbow:ğ™…ğ˜¼ğ™‹ğ™ğ™„ğŸ­ğŸ¯ğŸ´:rainbow:member baru pasti jp","textMessage","UCo2fhnMQEiBE3ksSIsT4qBQ","ÙØ§Ø·Ù…Ù‡ ÙØ§Ø·Ù…Ù‡","false","http://www.youtube.com/channel/UCo2fhnMQEiBE3ksSIsT4qBQ","https://yt4.ggpht.com/H3-BpvcNDkoGR-7vSfIXI9-Re46Gmyzqkbf1FRP4cKfGYuQ2MTGnrUdt2-XptWy3GO6BGuA-YQ=s64-c-k-c0x00ffffff-no-rj"
62,"2024-09-19 11:25:28","AvwfDKZg8Uw","[LIVE] PON XXI ACEH - SUMUT 2024","konijabar tv","gacor","ChwKGkNJMkxqUER5em9nREZWNEgxZ0FkVEpBSTdB",":woman_dancing:ğ™…ğ˜¼ğ™‹ğ™ğ™„ğŸ­ğŸ¯ğŸ´:woman_dancing:tergacor dijamin jp","textMessage","UCpdaO2Kis6edosaAUjmg5Dw","ØµÙ‚ ÙˆØ§Ù„Ù„Ù‡","false","http://www.youtube.com/channel/UCpdaO2Kis6edosaAUjmg5Dw","https://yt4.ggpht.com/lIkBevPtRARxWMM9Boz1vUj2wXyEvdAXqRtG9CV7oUD8MNU8y-6vVieiZMx7NHetCa6Vw-3wyi0=s64-c-k-c0x00ffffff-no-rj"
63,"2024-09-19 11:25:28","AvwfDKZg8Uw","[LIVE] PON XXI ACEH - SUMUT 2024","konijabar tv","jp","ChwKGkNJMkxqUER5em9nREZWNEgxZ0FkVEpBSTdB",":woman_dancing:ğ™…ğ˜¼ğ™‹ğ™ğ™„ğŸ­ğŸ¯ğŸ´:woman_dancing:tergacor dijamin jp","textMessage","UCpdaO2Kis6edosaAUjmg5Dw","ØµÙ‚ ÙˆØ§Ù„Ù„Ù‡","false","http://www.youtube.com/channel/UCpdaO2Kis6edosaAUjmg5Dw","https://yt4.ggpht.com/lIkBevPtRARxWMM9Boz1vUj2wXyEvdAXqRtG9CV7oUD8MNU8y-6vVieiZMx7NHetCa6Vw-3wyi0=s64-c-k-c0x00ffffff-no-rj"
64,"2024-09-19 11:28:46","AvwfDKZg8Uw","[LIVE] PON XXI ACEH - SUMUT 2024","konijabar tv","jp","ChwKGkNQZlF4ODd6em9nREZhY0kxZ0FkSnA0dWtB",":1st_place_medal:ğ™…ğ˜¼ğ™‹ğ™ğ™„ğŸ­ğŸ¯ğŸ´:1st_place_medal:pasti jp no tipu tipu","textMessage","UC4eaW8GYK3Dm2eUNt3KEkZg","Ahmed Kamal _ Ø§Ø­Ù…Ø¯ ÙƒÙ…Ø§Ù„","false","http://www.youtube.com/channel/UC4eaW8GYK3Dm2eUNt3KEkZg","https://yt4.ggpht.com/T69-dkDmkiV5Ww6BK3m0qyW1oqZFYjVjE-xTqRsSZnwW2j31UXL2bJ3H3Z5YJI0GUKs1G3bW_Us=s64-c-k-c0x00ffffff-no-rj"
65,"2024-09-19 11:29:19","AvwfDKZg8Uw","[LIVE] PON XXI ACEH - SUMUT 2024","konijabar tv","gacor","ChwKGkNMcjM5OTN6em9nREZhZ0oxZ0FkN0NjVlVR",":hibiscus:ğ™…ğ˜¼ğ™‹ğ™ğ™„ğŸ­ğŸ¯ğŸ´:hibiscus:gacor parah","textMessage","UCnPgnUGfV-wdRBHPYixZHOA","Ø°Ø¨ÛŒØ­ Ø§Ù„Ù‡ Ø¬Ø§Ù†","false","http://www.youtube.com/channel/UCnPgnUGfV-wdRBHPYixZHOA","https://yt4.ggpht.com/0p2_FQAeU47WO5Qzxe4aBqMjkWPwnYoUX_-ZJaxdhdbOqECECHdRVOP-KVUdruWQq86CDUFWVz0=s64-c-k-c0x00ffffff-no-rj"
66,"2024-09-19 11:29:47","AvwfDKZg8Uw","[LIVE] PON XXI ACEH - SUMUT 2024","konijabar tv","gacor","ChwKGkNNT1d0dXZ6em9nREZVTUsxZ0FkbTZRQ2pR",":1st_place_medal:ğ™…ğ˜¼ğ™‹ğ™ğ™„ğŸ­ğŸ¯ğŸ´:1st_place_medal:tergacor dijamin jp","textMessage","UCk2wC-NYjUQq9GDeDma4nUg","Ù…Ù†ØªÙ‡Ù‰ Ø§Ù„Ù…Ø­Ù…Ø¯","false","http://www.youtube.com/channel/UCk2wC-NYjUQq9GDeDma4nUg","https://yt4.ggpht.com/pcEafBaqc_USkLfhFLXv3op58sxFdvSFVvyphlGfQcCfBRVrHCz-iKQBVbJ0cnsK1YandLNZuGA=s64-c-k-c0x00ffffff-no-rj"
67,"2024-09-19 11:29:47","AvwfDKZg8Uw","[LIVE] PON XXI ACEH - SUMUT 2024","konijabar tv","jp","ChwKGkNNT1d0dXZ6em9nREZVTUsxZ0FkbTZRQ2pR",":1st_place_medal:ğ™…ğ˜¼ğ™‹ğ™ğ™„ğŸ­ğŸ¯ğŸ´:1st_place_medal:tergacor dijamin jp","textMessage","UCk2wC-NYjUQq9GDeDma4nUg","Ù…Ù†ØªÙ‡Ù‰ Ø§Ù„Ù…Ø­Ù…Ø¯","false","http://www.youtube.com/channel/UCk2wC-NYjUQq9GDeDma4nUg","https://yt4.ggpht.com/pcEafBaqc_USkLfhFLXv3op58sxFdvSFVvyphlGfQcCfBRVrHCz-iKQBVbJ0cnsK1YandLNZuGA=s64-c-k-c0x00ffffff-no-rj"
68,"2024-09-19 11:30:12","AvwfDKZg8Uw","[LIVE] PON XXI ACEH - SUMUT 2024","konijabar tv","gacor","ChwKGkNPNnVvZmZ6em9nREZZTUoxZ0FkaTF3eHNR","ğ™… ğ˜¼ ğ™‹ ğ™ ğ™„ ğŸ­ ğŸ¯ ğŸ´ tergacor:herb:","textMessage","UCLD3X2mvGGPUxVZYnfZimqg","Lamar Alsaidi","false","http://www.youtube.com/channel/UCLD3X2mvGGPUxVZYnfZimqg","https://yt4.ggpht.com/ncu9icB98-OFfEA1kBzcljXwgDsIsFzrI8zMjibPBO4qylvqaIuttf2u6gcntyw9mHEB9kDa=s64-c-k-c0x00ffffff-no-rj"
69,"2024-09-19 11:31:06","AvwfDKZg8Uw","[LIVE] PON XXI ACEH - SUMUT 2024","konijabar tv","gacor","ChwKGkNMSFhfcEQwem9nREZTZ0sxZ0FkMTY0RnNR",":gem_stone:ğ™…ğ˜¼ğ™‹ğ™ğ™„138:gem_stone:paling gacorr","textMessage","UCHjDZ6sjUmFh342LNZSXimQ","Ø§Ù„Ø¨Ø±Ù†Ø³ÙŠØ³Ø© Ø­ÙŠØ§Ø© ğŸ‘‘ğŸ’","false","http://www.youtube.com/channel/UCHjDZ6sjUmFh342LNZSXimQ","https://yt4.ggpht.com/85KKwJNBjj2J-2eeeOt04H4wH1nWMksO1wl_25zI7PMd8-mbEiZ3D6laFuN5cjhlMgRqeJA5LQ=s64-c-k-c0x00ffffff-no-rj"
70,"2024-09-19 11:34:28","AvwfDKZg8Uw","[LIVE] PON XXI ACEH - SUMUT 2024","konijabar tv","jp","ChwKGkNLblQwdkgwem9nREZRSXQxZ0FkRDBJSEVn",":rainbow:ğ™…ğ˜¼ğ™‹ğ™ğ™„ğŸ­ğŸ¯ğŸ´:rainbow:member baru pasti jp","textMessage","UCYzkcqm9V6rzb_xHCZs8JWQ","Ù†Ø¬Ù…Ù‡ ØªØ±Ù†Ø¯","false","http://www.youtube.com/channel/UCYzkcqm9V6rzb_xHCZs8JWQ","https://yt4.ggpht.com/f3pyV5cV-L4-UhQDzURw06UdeCGjvyKYgjpH-vxFLGajaGki62hzFeavWoGC63wO0sSNi5rG4w=s64-c-k-c0x00ffffff-no-rj"
71,"2024-09-19 11:34:53","AvwfDKZg8Uw","[LIVE] PON XXI ACEH - SUMUT 2024","konijabar tv","gacor","ChwKGkNOU3dyXzMwem9nREZYVXYxZ0FkSkE4Z2dR",":woman_dancing:ğ™…ğ˜¼ğ™‹ğ™ğ™„ğŸ­ğŸ¯ğŸ´:woman_dancing:tergacor dijamin jp","textMessage","UCY8lwP1UxMPwSmERtnXCSQQ","Ù…Ø­Ø±Ø± Ø¥Ø¹Ù„Ø§Ù…ÙŠ Ù…Ø§Ø±ÙŠØ§Ù†Ø§ Ù…Ø®ØªØ§Ø± ","false","http://www.youtube.com/channel/UCY8lwP1UxMPwSmERtnXCSQQ","https://yt4.ggpht.com/dPsJbgo31ERUAXBtsuYgVGF7kTwmoz3mU18RHV3yshrsdcCgqLTq9ax9wr8RgdtIqjFpOjXUrvI=s64-c-k-c0x00ffffff-no-rj"
72,"2024-09-19 11:34:53","AvwfDKZg8Uw","[LIVE] PON XXI ACEH - SUMUT 2024","konijabar tv","jp","ChwKGkNOU3dyXzMwem9nREZYVXYxZ0FkSkE4Z2dR",":woman_dancing:ğ™…ğ˜¼ğ™‹ğ™ğ™„ğŸ­ğŸ¯ğŸ´:woman_dancing:tergacor dijamin jp","textMessage","UCY8lwP1UxMPwSmERtnXCSQQ","Ù…Ø­Ø±Ø± Ø¥Ø¹Ù„Ø§Ù…ÙŠ Ù…Ø§Ø±ÙŠØ§Ù†Ø§ Ù…Ø®ØªØ§Ø± ","false","http://www.youtube.com/channel/UCY8lwP1UxMPwSmERtnXCSQQ","https://yt4.ggpht.com/dPsJbgo31ERUAXBtsuYgVGF7kTwmoz3mU18RHV3yshrsdcCgqLTq9ax9wr8RgdtIqjFpOjXUrvI=s64-c-k-c0x00ffffff-no-rj"
73,"2024-09-19 11:38:05","AvwfDKZg8Uw","[LIVE] PON XXI ACEH - SUMUT 2024","konijabar tv","jp","ChwKGkNMckxtdG4xem9nREZYTUsxZ0FkeHIwN1ZB",":1st_place_medal:ğ™…ğ˜¼ğ™‹ğ™ğ™„ğŸ­ğŸ¯ğŸ´:1st_place_medal:pasti jp no tipu tipu","textMessage","UCyeVv7LeZZdAwcl20SY8Bng","ahmed dahrawy","false","http://www.youtube.com/channel/UCyeVv7LeZZdAwcl20SY8Bng","https://yt4.ggpht.com/sQZUNB-Zoxgq4rjV_J1YGZjo3pSJvwhts3nI7yACBkzhOA_r1qeY4XSwTe4AjTGzun4UTFiO=s64-c-k-c0x00ffffff-no-rj"
74,"2024-09-19 11:38:31","AvwfDKZg8Uw","[LIVE] PON XXI ACEH - SUMUT 2024","konijabar tv","gacor","ChwKGkNJNjB5dVgxem9nREZWNEgxZ0FkVEpBSTdB",":hibiscus:ğ™…ğ˜¼ğ™‹ğ™ğ™„ğŸ­ğŸ¯ğŸ´:hibiscus:gacor parah","textMessage","UC0EWy5_wCEuKzIZcbxNqIYQ","ØªÙ‡Ø§Ù†ÙŠ Ø´Ù„Ø¯Ø§Ù†","false","http://www.youtube.com/channel/UC0EWy5_wCEuKzIZcbxNqIYQ","https://yt4.ggpht.com/YwA-hLXz7_K_KTqDNaKEazkipE6nJk00NTp9nmRViHYHEGUF_hmo43B6Q8tKzoIocfKEBmqy=s64-c-k-c0x00ffffff-no-rj"
75,"2024-09-19 11:39:00","AvwfDKZg8Uw","[LIVE] PON XXI ACEH - SUMUT 2024","konijabar tv","gacor","ChwKGkNKRHJ0X1Axem9nREZSMEkxZ0FkYnJJdGtB",":1st_place_medal:ğ™…ğ˜¼ğ™‹ğ™ğ™„ğŸ­ğŸ¯ğŸ´:1st_place_medal:tergacor dijamin jp","textMessage","UCqx-kiM0m8dB9PO2lnBYTMA","Ù…Ù†Ø§Ù„ manola","false","http://www.youtube.com/channel/UCqx-kiM0m8dB9PO2lnBYTMA","https://yt4.ggpht.com/Jgmd8cXbeDvBAwPmBQJyeLV3Tj6orlCBCuYro8aFKOhyfCNnzUBzokZfkvLqXRbV1uDuOamPnA=s64-c-k-c0x00ffffff-no-rj"
76,"2024-09-19 11:39:00","AvwfDKZg8Uw","[LIVE] PON XXI ACEH - SUMUT 2024","konijabar tv","jp","ChwKGkNKRHJ0X1Axem9nREZSMEkxZ0FkYnJJdGtB",":1st_place_medal:ğ™…ğ˜¼ğ™‹ğ™ğ™„ğŸ­ğŸ¯ğŸ´:1st_place_medal:tergacor dijamin jp","textMessage","UCqx-kiM0m8dB9PO2lnBYTMA","Ù…Ù†Ø§Ù„ manola","false","http://www.youtube.com/channel/UCqx-kiM0m8dB9PO2lnBYTMA","https://yt4.ggpht.com/Jgmd8cXbeDvBAwPmBQJyeLV3Tj6orlCBCuYro8aFKOhyfCNnzUBzokZfkvLqXRbV1uDuOamPnA=s64-c-k-c0x00ffffff-no-rj"
77,"2024-09-19 11:39:28","AvwfDKZg8Uw","[LIVE] PON XXI ACEH - SUMUT 2024","konijabar tv","gacor","ChwKGkNMZjV0SUQyem9nREZSMEkxZ0FkYnJJdGtB","ğ™… ğ˜¼ ğ™‹ ğ™ ğ™„ ğŸ­ ğŸ¯ ğŸ´ tergacor:herb:","textMessage","UCHUYxBhFJsY6cQKR-JRpc_Q","Ø§Ù„Ù€Ø¹Ù€Ø·Ù€ÙˆÙŠÙŠ","false","http://www.youtube.com/channel/UCHUYxBhFJsY6cQKR-JRpc_Q","https://yt4.ggpht.com/TJpYNfvWZFz1kusF-m7cyYzQa42XrwTZ916H2dOLIGJukHWM_zrV47RM8ZCz4QeEAU7AQB65Bw=s64-c-k-c0x00ffffff-no-rj"
78,"2024-09-19 11:40:23","AvwfDKZg8Uw","[LIVE] PON XXI ACEH - SUMUT 2024","konijabar tv","gacor","ChwKGkNJcS04WnIyem9nREZVWUsxZ0FkZHhRSUVn",":gem_stone:ğ™…ğ˜¼ğ™‹ğ™ğ™„138:gem_stone:paling gacorr","textMessage","UCVTGRaJ1CH-jzWPpcfr2bQw","ADIL CHAKHMOUN","false","http://www.youtube.com/channel/UCVTGRaJ1CH-jzWPpcfr2bQw","https://yt4.ggpht.com/ohd8iv-RamqxygUVzbBIZWQACn1yzfjEXH4DbmAFc7HfdH7YnLQ0cHbZap3aQW3xz_saizbQpA=s64-c-k-c0x00ffffff-no-rj"
79,"2024-09-18 04:00:12","4vJk8X76zZA","LIVE | PON XXI ACEH-SUMUT ESPORTS DAY 6 - Babak Final Mobile Legends: Bang Bang","UPoint Esports","gacor","ChwKGkNNTEhoNzdOeTRnREZkNFhyUVlkTjl3Zy1B",":fire:dijamin gacor ğ¢ğ›ğœğŸ“ğŸ–ğŸ–:fire:","textMessage","UCS01IT8H0mhflXMDWPgYmeA","damarcus bunn","false","http://www.youtube.com/channel/UCS01IT8H0mhflXMDWPgYmeA","https://yt4.ggpht.com/ytc/AIdro_kKGuxq0xLmNoPFuKzdCavnOP8et_KoSHHTQDLegY-8eryukYQSqeYbGM7U3tHwzBuIlg=s64-c-k-c0x00ffffff-no-rj"
80,"2024-09-18 04:00:21","4vJk8X76zZA","LIVE | PON XXI ACEH-SUMUT ESPORTS DAY 6 - Babak Final Mobile Legends: Bang Bang","UPoint Esports","gacor","ChwKGkNNREJuc0xOeTRnREZZVFB3Z1FkME9VcmpR","rindubola. live gasssssss gacor","textMessage","UCuQjvYXHaUNy_X1n0nPUOmA","Manisqq PKV GAMES","false","http://www.youtube.com/channel/UCuQjvYXHaUNy_X1n0nPUOmA","https://yt4.ggpht.com/r63ZMd-fTzR5rzvDvk_kYKljbYcgTy8FYdRYYPxqy9LbOfDLepyfU4rE_ywznpUKKkpjosxD4Q=s64-c-k-c0x00ffffff-no-rj"
81,"2024-09-18 04:00:24","4vJk8X76zZA","LIVE | PON XXI ACEH-SUMUT ESPORTS DAY 6 - Babak Final Mobile Legends: Bang Bang","UPoint Esports","gacor","ChwKGkNNX0M1OFBOeTRnREZhVEN3Z1FkUTF3aUxn","rindubola. live gasssssss gacor","textMessage","UCARwX3JFZ8AcS5gy7dXRdYQ","BolaXYZ Event Mix Parlay Terbesar","false","http://www.youtube.com/channel/UCARwX3JFZ8AcS5gy7dXRdYQ","https://yt4.ggpht.com/-UBqWDnUVf_Mug8jWcZIQymcUjUMZwE6LJmbwKbuqZ2oDtDg0Jv869mh5CGCE4Q-4SUn36V0k-g=s64-c-k-c0x00ffffff-no-rj"
82,"2024-09-18 04:00:26","4vJk8X76zZA","LIVE | PON XXI ACEH-SUMUT ESPORTS DAY 6 - Babak Final Mobile Legends: Bang Bang","UPoint Esports","gacor","ChwKGkNPeVo2Y1ROeTRnREZaazFyUVlkRWVZNUNB","rindubola. live gasssssss gacor","textMessage","UCj1giGG8Gh9Vy0FJL2MvRgg","PARLAY XYZ","false","http://www.youtube.com/channel/UCj1giGG8Gh9Vy0FJL2MvRgg","https://yt4.ggpht.com/EXm-ADu_SYabpI5AtAyD8ApYjLhhJWNtC2OL9mM83Fc_RNwmvyXvwSh_iMKUwPCOj16Q-VtQUw=s64-c-k-c0x00ffffff-no-rj"
83,"2024-09-18 04:00:28","4vJk8X76zZA","LIVE | PON XXI ACEH-SUMUT ESPORTS DAY 6 - Babak Final Mobile Legends: Bang Bang","UPoint Esports","gacor","ChwKGkNOYlgwY1hOeTRnREZlVVRyUVlkdGo0RmhR","rindubola. live gasssssss gacor","textMessage","UCARwX3JFZ8AcS5gy7dXRdYQ","BolaXYZ Event Mix Parlay Terbesar","false","http://www.youtube.com/channel/UCARwX3JFZ8AcS5gy7dXRdYQ","https://yt4.ggpht.com/-UBqWDnUVf_Mug8jWcZIQymcUjUMZwE6LJmbwKbuqZ2oDtDg0Jv869mh5CGCE4Q-4SUn36V0k-g=s64-c-k-c0x00ffffff-no-rj"
84,"2024-09-18 04:00:29","4vJk8X76zZA","LIVE | PON XXI ACEH-SUMUT ESPORTS DAY 6 - Babak Final Mobile Legends: Bang Bang","UPoint Esports","gacor","ChwKGkNLS0NtOGJOeTRnREZldlN3Z1FkMTg0Nzh3","rindubola. live gasssssss gacor","textMessage","UCuQjvYXHaUNy_X1n0nPUOmA","Manisqq PKV GAMES","false","http://www.youtube.com/channel/UCuQjvYXHaUNy_X1n0nPUOmA","https://yt4.ggpht.com/r63ZMd-fTzR5rzvDvk_kYKljbYcgTy8FYdRYYPxqy9LbOfDLepyfU4rE_ywznpUKKkpjosxD4Q=s64-c-k-c0x00ffffff-no-rj"
85,"2024-09-18 04:00:32","4vJk8X76zZA","LIVE | PON XXI ACEH-SUMUT ESPORTS DAY 6 - Babak Final Mobile Legends: Bang Bang","UPoint Esports","gacor","ChwKGkNOU3N0TWZOeTRnREZkNFhyUVlkTjl3Zy1B","rindubola. live gasssssss gacor","textMessage","UCj1giGG8Gh9Vy0FJL2MvRgg","PARLAY XYZ","false","http://www.youtube.com/channel/UCj1giGG8Gh9Vy0FJL2MvRgg","https://yt4.ggpht.com/EXm-ADu_SYabpI5AtAyD8ApYjLhhJWNtC2OL9mM83Fc_RNwmvyXvwSh_iMKUwPCOj16Q-VtQUw=s64-c-k-c0x00ffffff-no-rj"
86,"2024-09-18 04:00:34","4vJk8X76zZA","LIVE | PON XXI ACEH-SUMUT ESPORTS DAY 6 - Babak Final Mobile Legends: Bang Bang","UPoint Esports","gacor","ChwKGkNNald5TWpOeTRnREZaUThyUVlkVzN3bGFn","rindubola. live gasssssss gacor","textMessage","UCP02eXSoWn4W0W0meJJBKOg","Menaraqq PKV GAMES","false","http://www.youtube.com/channel/UCP02eXSoWn4W0W0meJJBKOg","https://yt4.ggpht.com/V0N09c5oDVIAxRsgShXTgTMeTP8MPKPhBQUlEPno8Zpg1-kJmSCocKY6RiJn9L3ZtzJRcmZ_MQ=s64-c-k-c0x00ffffff-no-rj"
87,"2024-09-18 04:00:41","4vJk8X76zZA","LIVE | PON XXI ACEH-SUMUT ESPORTS DAY 6 - Babak Final Mobile Legends: Bang Bang","UPoint Esports","gacor","ChwKGkNMLS1nOHpOeTRnREZmZkx3Z1FkM0xBNWl3","rindubola. live gasssssss gacor","textMessage","UCQFHbrXpkWGZOP2v7kTQhlg","RinduBola Live Bola Gratis","false","http://www.youtube.com/channel/UCQFHbrXpkWGZOP2v7kTQhlg","https://yt4.ggpht.com/jXCmBYTw10GHGNHueuyt2moeqa84uSujp0UEPqRl-0LycmWrd9N0gptpTbv2IecnS5hs86uZ-5E=s64-c-k-c0x00ffffff-no-rj"
88,"2024-09-18 04:00:45","4vJk8X76zZA","LIVE | PON XXI ACEH-SUMUT ESPORTS DAY 6 - Babak Final Mobile Legends: Bang Bang","UPoint Esports","gacor","ChwKGkNJdWV6ODNOeTRnREZXc1hyUVlkSjFvUklB","rindubola. live gasssssss gacor","textMessage","UCARwX3JFZ8AcS5gy7dXRdYQ","BolaXYZ Event Mix Parlay Terbesar","false","http://www.youtube.com/channel/UCARwX3JFZ8AcS5gy7dXRdYQ","https://yt4.ggpht.com/-UBqWDnUVf_Mug8jWcZIQymcUjUMZwE6LJmbwKbuqZ2oDtDg0Jv869mh5CGCE4Q-4SUn36V0k-g=s64-c-k-c0x00ffffff-no-rj"
89,"2024-09-18 04:00:45","4vJk8X76zZA","LIVE | PON XXI ACEH-SUMUT ESPORTS DAY 6 - Babak Final Mobile Legends: Bang Bang","UPoint Esports","gacor","ChwKGkNNalA5czNOeTRnREZSRXNyUVlkeFFvYWhB","rindubola. live gasssssss gacor","textMessage","UCARwX3JFZ8AcS5gy7dXRdYQ","BolaXYZ Event Mix Parlay Terbesar","false","http://www.youtube.com/channel/UCARwX3JFZ8AcS5gy7dXRdYQ","https://yt4.ggpht.com/-UBqWDnUVf_Mug8jWcZIQymcUjUMZwE6LJmbwKbuqZ2oDtDg0Jv869mh5CGCE4Q-4SUn36V0k-g=s64-c-k-c0x00ffffff-no-rj"
90,"2024-09-18 04:00:47","4vJk8X76zZA","LIVE | PON XXI ACEH-SUMUT ESPORTS DAY 6 - Babak Final Mobile Legends: Bang Bang","UPoint Esports","gacor","ChwKGkNMTDg4YzdOeTRnREZmZkx3Z1FkM0xBNWl3","rindubola. live gasssssss gacor","textMessage","UCQFHbrXpkWGZOP2v7kTQhlg","RinduBola Live Bola Gratis","false","http://www.youtube.com/channel/UCQFHbrXpkWGZOP2v7kTQhlg","https://yt4.ggpht.com/jXCmBYTw10GHGNHueuyt2moeqa84uSujp0UEPqRl-0LycmWrd9N0gptpTbv2IecnS5hs86uZ-5E=s64-c-k-c0x00ffffff-no-rj"
91,"2024-09-18 04:00:49","4vJk8X76zZA","LIVE | PON XXI ACEH-SUMUT ESPORTS DAY 6 - Babak Final Mobile Legends: Bang Bang","UPoint Esports","gacor","ChwKGkNNLW80OF9OeTRnREZZVFB3Z1FkME9VcmpR","rindubola. live gasssssss gacor","textMessage","UCj1giGG8Gh9Vy0FJL2MvRgg","PARLAY XYZ","false","http://www.youtube.com/channel/UCj1giGG8Gh9Vy0FJL2MvRgg","https://yt4.ggpht.com/EXm-ADu_SYabpI5AtAyD8ApYjLhhJWNtC2OL9mM83Fc_RNwmvyXvwSh_iMKUwPCOj16Q-VtQUw=s64-c-k-c0x00ffffff-no-rj"
92,"2024-09-18 04:00:50","4vJk8X76zZA","LIVE | PON XXI ACEH-SUMUT ESPORTS DAY 6 - Babak Final Mobile Legends: Bang Bang","UPoint Esports","gacor","ChwKGkNJaXJzdEROeTRnREZmZkx3Z1FkM0xBNWl3","rindubola. live gasssssss gacor","textMessage","UCuQjvYXHaUNy_X1n0nPUOmA","Manisqq PKV GAMES","false","http://www.youtube.com/channel/UCuQjvYXHaUNy_X1n0nPUOmA","https://yt4.ggpht.com/r63ZMd-fTzR5rzvDvk_kYKljbYcgTy8FYdRYYPxqy9LbOfDLepyfU4rE_ywznpUKKkpjosxD4Q=s64-c-k-c0x00ffffff-no-rj"
93,"2024-09-18 04:00:54","4vJk8X76zZA","LIVE | PON XXI ACEH-SUMUT ESPORTS DAY 6 - Babak Final Mobile Legends: Bang Bang","UPoint Esports","gacor","ChwKGkNQWHBfdEhOeTRnREZmVXJyUVlkTjg4VWpR","rindubola. live gasssssss gacor","textMessage","UCj1giGG8Gh9Vy0FJL2MvRgg","PARLAY XYZ","false","http://www.youtube.com/channel/UCj1giGG8Gh9Vy0FJL2MvRgg","https://yt4.ggpht.com/EXm-ADu_SYabpI5AtAyD8ApYjLhhJWNtC2OL9mM83Fc_RNwmvyXvwSh_iMKUwPCOj16Q-VtQUw=s64-c-k-c0x00ffffff-no-rj"
94,"2024-09-18 04:00:56","4vJk8X76zZA","LIVE | PON XXI ACEH-SUMUT ESPORTS DAY 6 - Babak Final Mobile Legends: Bang Bang","UPoint Esports","gacor","ChwKGkNMcndpdFBOeTRnREZaX0t3Z1FkU0IwbHl3","rindubola. live gasssssss gacor","textMessage","UCP02eXSoWn4W0W0meJJBKOg","Menaraqq PKV GAMES","false","http://www.youtube.com/channel/UCP02eXSoWn4W0W0meJJBKOg","https://yt4.ggpht.com/V0N09c5oDVIAxRsgShXTgTMeTP8MPKPhBQUlEPno8Zpg1-kJmSCocKY6RiJn9L3ZtzJRcmZ_MQ=s64-c-k-c0x00ffffff-no-rj"
95,"2024-09-18 04:00:59","4vJk8X76zZA","LIVE | PON XXI ACEH-SUMUT ESPORTS DAY 6 - Babak Final Mobile Legends: Bang Bang","UPoint Esports","gacor","ChwKGkNPbXh5OVROeTRnREZXX0x3Z1FkckdnZm53","rindubola. live gasssssss gacor","textMessage","UCQFHbrXpkWGZOP2v7kTQhlg","RinduBola Live Bola Gratis","false","http://www.youtube.com/channel/UCQFHbrXpkWGZOP2v7kTQhlg","https://yt4.ggpht.com/jXCmBYTw10GHGNHueuyt2moeqa84uSujp0UEPqRl-0LycmWrd9N0gptpTbv2IecnS5hs86uZ-5E=s64-c-k-c0x00ffffff-no-rj"
96,"2024-09-18 04:01:12","4vJk8X76zZA","LIVE | PON XXI ACEH-SUMUT ESPORTS DAY 6 - Babak Final Mobile Legends: Bang Bang","UPoint Esports","gacor","ChwKGkNLaTV6ZHJOeTRnREZYclp3Z1FkbHhrZWFR","rindubola. live gasssssss gacor","textMessage","UCuQjvYXHaUNy_X1n0nPUOmA","Manisqq PKV GAMES","false","http://www.youtube.com/channel/UCuQjvYXHaUNy_X1n0nPUOmA","https://yt4.ggpht.com/r63ZMd-fTzR5rzvDvk_kYKljbYcgTy8FYdRYYPxqy9LbOfDLepyfU4rE_ywznpUKKkpjosxD4Q=s64-c-k-c0x00ffffff-no-rj"
97,"2024-09-18 04:01:15","4vJk8X76zZA","LIVE | PON XXI ACEH-SUMUT ESPORTS DAY 6 - Babak Final Mobile Legends: Bang Bang","UPoint Esports","gacor","ChwKGkNMZW5oTnpOeTRnREZUTTFyUVlkMWg4U3ZR","rindubola. live gasssssss gacor","textMessage","UCP02eXSoWn4W0W0meJJBKOg","Menaraqq PKV GAMES","false","http://www.youtube.com/channel/UCP02eXSoWn4W0W0meJJBKOg","https://yt4.ggpht.com/V0N09c5oDVIAxRsgShXTgTMeTP8MPKPhBQUlEPno8Zpg1-kJmSCocKY6RiJn9L3ZtzJRcmZ_MQ=s64-c-k-c0x00ffffff-no-rj"
98,"2024-09-18 04:01:17","4vJk8X76zZA","LIVE | PON XXI ACEH-SUMUT ESPORTS DAY 6 - Babak Final Mobile Legends: Bang Bang","UPoint Esports","gacor","ChwKGkNKQ3A5OXpOeTRnREZiY2VyUVlkTEY0cUtR","rindubola. live gasssssss gacor","textMessage","UCQFHbrXpkWGZOP2v7kTQhlg","RinduBola Live Bola Gratis","false","http://www.youtube.com/channel/UCQFHbrXpkWGZOP2v7kTQhlg","https://yt4.ggpht.com/jXCmBYTw10GHGNHueuyt2moeqa84uSujp0UEPqRl-0LycmWrd9N0gptpTbv2IecnS5hs86uZ-5E=s64-c-k-c0x00ffffff-no-rj"
99,"2024-09-18 04:01:19","4vJk8X76zZA","LIVE | PON XXI ACEH-SUMUT ESPORTS DAY 6 - Babak Final Mobile Legends: Bang Bang","UPoint Esports","gacor","ChwKGkNQaWZpZDdOeTRnREZkd3VyUVlkQ3c4Sjdn","rindubola. live gasssssss gacor","textMessage","UCj1giGG8Gh9Vy0FJL2MvRgg","PARLAY XYZ","false","http://www.youtube.com/channel/UCj1giGG8Gh9Vy0FJL2MvRgg","https://yt4.ggpht.com/EXm-ADu_SYabpI5AtAyD8ApYjLhhJWNtC2OL9mM83Fc_RNwmvyXvwSh_iMKUwPCOj16Q-VtQUw=s64-c-k-c0x00ffffff-no-rj"
100,"2024-09-18 04:06:32","4vJk8X76zZA","LIVE | PON XXI ACEH-SUMUT ESPORTS DAY 6 - Babak Final Mobile Legends: Bang Bang","UPoint Esports","gacor","ChwKGkNPbndtZlBPeTRnREZXc3ByUVlkY2tRdWhB","rindubola. live gasssssss gacorrr","textMessage","UCuQjvYXHaUNy_X1n0nPUOmA","Manisqq PKV GAMES","false","http://www.youtube.com/channel/UCuQjvYXHaUNy_X1n0nPUOmA","https://yt4.ggpht.com/r63ZMd-fTzR5rzvDvk_kYKljbYcgTy8FYdRYYPxqy9LbOfDLepyfU4rE_ywznpUKKkpjosxD4Q=s64-c-k-c0x00ffffff-no-rj"
101,"2024-09-18 04:06:38","4vJk8X76zZA","LIVE | PON XXI ACEH-SUMUT ESPORTS DAY 6 - Babak Final Mobile Legends: Bang Bang","UPoint Esports","gacor","ChwKGkNPS2lzUGJPeTRnREZZVFB3Z1FkME9VcmpR","rindubola. live gasssssss gacorrr","textMessage","UCP02eXSoWn4W0W0meJJBKOg","Menaraqq PKV GAMES","false","http://www.youtube.com/channel/UCP02eXSoWn4W0W0meJJBKOg","https://yt4.ggpht.com/V0N09c5oDVIAxRsgShXTgTMeTP8MPKPhBQUlEPno8Zpg1-kJmSCocKY6RiJn9L3ZtzJRcmZ_MQ=s64-c-k-c0x00ffffff-no-rj"
102,"2024-09-18 04:06:54","4vJk8X76zZA","LIVE | PON XXI ACEH-SUMUT ESPORTS DAY 6 - Babak Final Mobile Legends: Bang Bang","UPoint Esports","gacor","ChwKGkNJR2oxUDNPeTRnREZWZ3FyUVlkSW13MENB","rindubola. live gasssssss gacorrr","textMessage","UCQFHbrXpkWGZOP2v7kTQhlg","RinduBola Live Bola Gratis","false","http://www.youtube.com/channel/UCQFHbrXpkWGZOP2v7kTQhlg","https://yt4.ggpht.com/jXCmBYTw10GHGNHueuyt2moeqa84uSujp0UEPqRl-0LycmWrd9N0gptpTbv2IecnS5hs86uZ-5E=s64-c-k-c0x00ffffff-no-rj"
103,"2024-09-18 04:06:55","4vJk8X76zZA","LIVE | PON XXI ACEH-SUMUT ESPORTS DAY 6 - Babak Final Mobile Legends: Bang Bang","UPoint Esports","gacor","ChwKGkNLbmZ0djdPeTRnREZmZkx3Z1FkM0xBNWl3","rindubola. live gasssssss gacorrr","textMessage","UCP02eXSoWn4W0W0meJJBKOg","Menaraqq PKV GAMES","false","http://www.youtube.com/channel/UCP02eXSoWn4W0W0meJJBKOg","https://yt4.ggpht.com/V0N09c5oDVIAxRsgShXTgTMeTP8MPKPhBQUlEPno8Zpg1-kJmSCocKY6RiJn9L3ZtzJRcmZ_MQ=s64-c-k-c0x00ffffff-no-rj"
104,"2024-09-18 04:06:57","4vJk8X76zZA","LIVE | PON XXI ACEH-SUMUT ESPORTS DAY 6 - Babak Final Mobile Legends: Bang Bang","UPoint Esports","gacor","ChwKGkNKbUJoX19PeTRnREZRREV3Z1FkVWQwZ0pB","rindubola. live gasssssss gacorrr","textMessage","UCuQjvYXHaUNy_X1n0nPUOmA","Manisqq PKV GAMES","false","http://www.youtube.com/channel/UCuQjvYXHaUNy_X1n0nPUOmA","https://yt4.ggpht.com/r63ZMd-fTzR5rzvDvk_kYKljbYcgTy8FYdRYYPxqy9LbOfDLepyfU4rE_ywznpUKKkpjosxD4Q=s64-c-k-c0x00ffffff-no-rj"
105,"2024-09-18 04:06:59","4vJk8X76zZA","LIVE | PON XXI ACEH-SUMUT ESPORTS DAY 6 - Babak Final Mobile Legends: Bang Bang","UPoint Esports","gacor","ChwKGkNOeWFqNERQeTRnREZUTTFyUVlkMWg4U3ZR","rindubola. live gasssssss gacorrr","textMessage","UCj1giGG8Gh9Vy0FJL2MvRgg","PARLAY XYZ","false","http://www.youtube.com/channel/UCj1giGG8Gh9Vy0FJL2MvRgg","https://yt4.ggpht.com/EXm-ADu_SYabpI5AtAyD8ApYjLhhJWNtC2OL9mM83Fc_RNwmvyXvwSh_iMKUwPCOj16Q-VtQUw=s64-c-k-c0x00ffffff-no-rj"
106,"2024-09-18 04:07:04","4vJk8X76zZA","LIVE | PON XXI ACEH-SUMUT ESPORTS DAY 6 - Babak Final Mobile Legends: Bang Bang","UPoint Esports","gacor","ChwKGkNKaUU1SUxQeTRnREZWZ3FyUVlkSW13MENB","rindubola. live gasssssss gacorrr","textMessage","UCP02eXSoWn4W0W0meJJBKOg","Menaraqq PKV GAMES","false","http://www.youtube.com/channel/UCP02eXSoWn4W0W0meJJBKOg","https://yt4.ggpht.com/V0N09c5oDVIAxRsgShXTgTMeTP8MPKPhBQUlEPno8Zpg1-kJmSCocKY6RiJn9L3ZtzJRcmZ_MQ=s64-c-k-c0x00ffffff-no-rj"
107,"2024-09-18 04:07:07","4vJk8X76zZA","LIVE | PON XXI ACEH-SUMUT ESPORTS DAY 6 - Babak Final Mobile Legends: Bang Bang","UPoint Esports","gacor","ChwKGkNMQ2ktNFBQeTRnREZZUWhyUVlkdzBzWTZn","rindubola. live gasssssss gacorrr","textMessage","UCARwX3JFZ8AcS5gy7dXRdYQ","BolaXYZ Event Mix Parlay Terbesar","false","http://www.youtube.com/channel/UCARwX3JFZ8AcS5gy7dXRdYQ","https://yt4.ggpht.com/-UBqWDnUVf_Mug8jWcZIQymcUjUMZwE6LJmbwKbuqZ2oDtDg0Jv869mh5CGCE4Q-4SUn36V0k-g=s64-c-k-c0x00ffffff-no-rj"
108,"2024-09-18 04:07:08","4vJk8X76zZA","LIVE | PON XXI ACEH-SUMUT ESPORTS DAY 6 - Babak Final Mobile Legends: Bang Bang","UPoint Esports","gacor","ChwKGkNQcW52NFRQeTRnREZmVXJyUVlkTjg4VWpR","rindubola. live gasssssss gacorrr","textMessage","UCARwX3JFZ8AcS5gy7dXRdYQ","BolaXYZ Event Mix Parlay Terbesar","false","http://www.youtube.com/channel/UCARwX3JFZ8AcS5gy7dXRdYQ","https://yt4.ggpht.com/-UBqWDnUVf_Mug8jWcZIQymcUjUMZwE6LJmbwKbuqZ2oDtDg0Jv869mh5CGCE4Q-4SUn36V0k-g=s64-c-k-c0x00ffffff-no-rj"
109,"2024-09-18 04:07:11","4vJk8X76zZA","LIVE | PON XXI ACEH-SUMUT ESPORTS DAY 6 - Babak Final Mobile Legends: Bang Bang","UPoint Esports","gacor","ChwKGkNQN1I2NFhQeTRnREZhb0NyUVlkbldzbnl3","rindubola. live gasssssss gacorrr","textMessage","UCuQjvYXHaUNy_X1n0nPUOmA","Manisqq PKV GAMES","false","http://www.youtube.com/channel/UCuQjvYXHaUNy_X1n0nPUOmA","https://yt4.ggpht.com/r63ZMd-fTzR5rzvDvk_kYKljbYcgTy8FYdRYYPxqy9LbOfDLepyfU4rE_ywznpUKKkpjosxD4Q=s64-c-k-c0x00ffffff-no-rj"
110,"2024-09-18 04:07:13","4vJk8X76zZA","LIVE | PON XXI ACEH-SUMUT ESPORTS DAY 6 - Babak Final Mobile Legends: Bang Bang","UPoint Esports","gacor","ChwKGkNMWEYzSWJQeTRnREZmTVdyUVlkR1pJS0NB","rindubola. live gasssssss gacorrr","textMessage","UCj1giGG8Gh9Vy0FJL2MvRgg","PARLAY XYZ","false","http://www.youtube.com/channel/UCj1giGG8Gh9Vy0FJL2MvRgg","https://yt4.ggpht.com/EXm-ADu_SYabpI5AtAyD8ApYjLhhJWNtC2OL9mM83Fc_RNwmvyXvwSh_iMKUwPCOj16Q-VtQUw=s64-c-k-c0x00ffffff-no-rj"
111,"2024-09-18 04:07:24","4vJk8X76zZA","LIVE | PON XXI ACEH-SUMUT ESPORTS DAY 6 - Babak Final Mobile Legends: Bang Bang","UPoint Esports","gacor","ChwKGkNQdnZqSXpQeTRnREZXX0x3Z1FkckdnZm53","rindubola. live gasssssss gacorrr","textMessage","UCj1giGG8Gh9Vy0FJL2MvRgg","PARLAY XYZ","false","http://www.youtube.com/channel/UCj1giGG8Gh9Vy0FJL2MvRgg","https://yt4.ggpht.com/EXm-ADu_SYabpI5AtAyD8ApYjLhhJWNtC2OL9mM83Fc_RNwmvyXvwSh_iMKUwPCOj16Q-VtQUw=s64-c-k-c0x00ffffff-no-rj"
112,"2024-09-18 04:07:26","4vJk8X76zZA","LIVE | PON XXI ACEH-SUMUT ESPORTS DAY 6 - Babak Final Mobile Legends: Bang Bang","UPoint Esports","gacor","ChwKGkNQWDktb3pQeTRnREZmZkx3Z1FkM0xBNWl3","rindubola. live gasssssss gacorrr","textMessage","UCuQjvYXHaUNy_X1n0nPUOmA","Manisqq PKV GAMES","false","http://www.youtube.com/channel/UCuQjvYXHaUNy_X1n0nPUOmA","https://yt4.ggpht.com/r63ZMd-fTzR5rzvDvk_kYKljbYcgTy8FYdRYYPxqy9LbOfDLepyfU4rE_ywznpUKKkpjosxD4Q=s64-c-k-c0x00ffffff-no-rj"
113,"2024-09-18 04:07:29","4vJk8X76zZA","LIVE | PON XXI ACEH-SUMUT ESPORTS DAY 6 - Babak Final Mobile Legends: Bang Bang","UPoint Esports","gacor","ChwKGkNObmt0WTdQeTRnREZSWU5yUVlkTEdBTXZn","rindubola. live gasssssss gacorrr","textMessage","UCP02eXSoWn4W0W0meJJBKOg","Menaraqq PKV GAMES","false","http://www.youtube.com/channel/UCP02eXSoWn4W0W0meJJBKOg","https://yt4.ggpht.com/V0N09c5oDVIAxRsgShXTgTMeTP8MPKPhBQUlEPno8Zpg1-kJmSCocKY6RiJn9L3ZtzJRcmZ_MQ=s64-c-k-c0x00ffffff-no-rj"
114,"2024-09-18 04:07:45","4vJk8X76zZA","LIVE | PON XXI ACEH-SUMUT ESPORTS DAY 6 - Babak Final Mobile Legends: Bang Bang","UPoint Esports","Pulau777","ChwKGkNNekVpcGJQeTRnREZhY0cxZ0FkWFBVS1VB","Ramadhan Berkah Bareng Pulau777","textMessage","UCoHp7ZbPFPJnfwYmhPloVTA","Vasgen Plushkin","false","http://www.youtube.com/channel/UCoHp7ZbPFPJnfwYmhPloVTA","https://yt4.ggpht.com/PjCuxFNF4EcEWA5_LmHH5BEb-TAABVgNwMsCYNG_gcPygWFM7a2VPiqSEPWUig6K3a-PDlzLGQ=s64-c-k-c0x00ffffff-no-rj"
115,"2024-09-18 04:08:14","4vJk8X76zZA","LIVE | PON XXI ACEH-SUMUT ESPORTS DAY 6 - Babak Final Mobile Legends: Bang Bang","UPoint Esports","gacor","ChwKGkNPNnhncVRQeTRnREZYTUsxZ0FkeDUwdG5R","main di pulau777 lagi gacor bro","textMessage","UC8j0NeGQ9ig8vnlOVdhyt9g","Dexi MsMuffin","false","http://www.youtube.com/channel/UC8j0NeGQ9ig8vnlOVdhyt9g","https://yt4.ggpht.com/C0z2WIS-CKgnu49VuV5S9EFy5CW8HPIEFXpSEmGsDwWZlhOzqWhGSC-zOzJMBkT0bAuQEtsugmQ=s64-c-k-c0x00ffffff-no-rj"
116,"2024-09-18 04:16:55","4vJk8X76zZA","LIVE | PON XXI ACEH-SUMUT ESPORTS DAY 6 - Babak Final Mobile Legends: Bang Bang","UPoint Esports","slot","ChwKGkNPdU1uNXpSeTRnREZhZ0oxZ0FkVklNSHp3","Wah ngeri jg ya main slot di pulau777 klo Kya gtu.","textMessage","UCYIhnH9UdD0T_dJhow4UrEg","ÙƒØ±Ø§Ø± Ø§Ø­Ù…Ø¯","false","http://www.youtube.com/channel/UCYIhnH9UdD0T_dJhow4UrEg","https://yt4.ggpht.com/Krz0fToLhtcpitNIyvsgVwja8tBiWc_XP49fGj-5LkUiRkC-xrD1Ug5E_0w9bY1dK79V6VnrPA=s64-c-k-c0x00ffffff-no-rj"
117,"2024-09-18 04:17:48","4vJk8X76zZA","LIVE | PON XXI ACEH-SUMUT ESPORTS DAY 6 - Babak Final Mobile Legends: Bang Bang","UPoint Esports","gacor","ChwKGkNJano3clhSeTRnREZkRXQxZ0FkTE9BcWVR","thank pulau777, sumpah gacor bet","textMessage","UCsU5c9jxPClXL5yDWuwd-qg","[ìˆœ]Manil","false","http://www.youtube.com/channel/UCsU5c9jxPClXL5yDWuwd-qg","https://yt4.ggpht.com/lO5-NcNL0ktLmJTn515uJeJzz9TzsnGDKqbLJsgAvpeEOKZNCrSgrYKC91VM9hNtKqrhKHiNFQ=s64-c-k-c0x00ffffff-no-rj"
118,"2024-09-18 04:19:32","4vJk8X76zZA","LIVE | PON XXI ACEH-SUMUT ESPORTS DAY 6 - Babak Final Mobile Legends: Bang Bang","UPoint Esports","Pulau777","ChwKGkNKZVBvdWZSeTRnREZkRXQxZ0FkTE9BcWVR","Ramadhan Berkah Bareng Pulau777 !! Topup 50K Bonus Up To 50K .. Gaskeun Sekarang.","textMessage","UCIcbXshEIt97-4kYu4ZW1Kg","Colette Grant","false","http://www.youtube.com/channel/UCIcbXshEIt97-4kYu4ZW1Kg","https://yt4.ggpht.com/O4liFOiDyaDIrTgxnrP87dcqc0mv6fAMlhypkjhYIYCHiXieMLjHqHNijaboJ-SU-xJ9G5UeJQ=s64-c-k-c0x00ffffff-no-rj"
119,"2024-09-18 04:20:51","4vJk8X76zZA","LIVE | PON XXI ACEH-SUMUT ESPORTS DAY 6 - Babak Final Mobile Legends: Bang Bang","UPoint Esports","gacor","ChwKGkNKTFY0WXpTeTRnREZhZ0oxZ0FkVklNSHp3","main di ğ.ğ”.ğ‹.ğ€.ğ”.ğŸ•.ğŸ•.ğŸ• lagi gacor kak","textMessage","UCCXByIXQrrDj52Y6N5ClE6w","idk ok","false","http://www.youtube.com/channel/UCCXByIXQrrDj52Y6N5ClE6w","https://yt4.ggpht.com/pdphQOH23rQSTzlreT6lk3snKJL-r_Ai4fkaYkOnws-vHE9gbUiMuBwGxeMV_27GqAmX-HQZX3I=s64-c-k-c0x00ffffff-no-rj"
120,"2024-09-18 04:21:15","4vJk8X76zZA","LIVE | PON XXI ACEH-SUMUT ESPORTS DAY 6 - Babak Final Mobile Legends: Bang Bang","UPoint Esports","gacor","ChwKGkNOaXZ0cGpTeTRnREZhY0kxZ0FkVUpBaW53","pulau777 lagi wangi, gacor banget","textMessage","UCitBawVggGpgb3LcPZFzgwQ","ã‚ã‹","false","http://www.youtube.com/channel/UCitBawVggGpgb3LcPZFzgwQ","https://yt4.ggpht.com/0IBeGVIz7X8Fiko_vq5qc1Li_XPhSw4PGi_6WJy7jBs3l9kVC4j5GkwHm2_a9wkAg-3xbCgITw=s64-c-k-c0x00ffffff-no-rj"
121,"2024-09-18 04:21:33","4vJk8X76zZA","LIVE | PON XXI ACEH-SUMUT ESPORTS DAY 6 - Babak Final Mobile Legends: Bang Bang","UPoint Esports","slot","ChwKGkNNT3k5NkRTeTRnREZkd3VyUVlkQ3c4Sjdn","mending jauhi slot sebelum anda melarat :face_with_tears_of_joy::rolling_on_the_floor_laughing:","textMessage","UCf6zyN7B6EmHGUWosbuMOXw","Bantuan Pangan","false","http://www.youtube.com/channel/UCf6zyN7B6EmHGUWosbuMOXw","https://yt4.ggpht.com/ytc/AIdro_kOb7QQDcZFwpMIdd9bTrXMar1ggASA-XZvBJ1dsoZ7ILZXnMflzIOdl1i8MGKOzZIN6g=s64-c-k-c0x00ffffff-no-rj"
122,"2024-09-18 04:22:36","4vJk8X76zZA","LIVE | PON XXI ACEH-SUMUT ESPORTS DAY 6 - Babak Final Mobile Legends: Bang Bang","UPoint Esports","gacor","ChwKGkNOZXpnYl9TeTRnREZjOEoxZ0FkZ1pZbXRB","main di #ğğ”ğ‹ğ€ğ”ğŸ•ğŸ•ğŸ• lagi gacor bro","textMessage","UCJA_mx-TsNrSXIASan0MoUA","Gáº¥u MÃ¨o","false","http://www.youtube.com/channel/UCJA_mx-TsNrSXIASan0MoUA","https://yt4.ggpht.com/FQEwvJBEhrYJvfuqBTuoP3BG1ch-zeIb1lzGB0eox3d10X4iVXzTH2IZCK_z4mwVvUQrJMrOVA=s64-c-k-c0x00ffffff-no-rj"
123,"2024-09-18 04:25:17","4vJk8X76zZA","LIVE | PON XXI ACEH-SUMUT ESPORTS DAY 6 - Babak Final Mobile Legends: Bang Bang","UPoint Esports","jackpot","ChwKGkNQeUl5NHZUeTRnREZVWUsxZ0FkT0I4WmVR","susah ngerubah pola pikir temen gua gara-gara dia ngaku dapat jackpot puluhan juta di ğ ğ” ğ‹ ğ€ ğ” ğŸ• ğŸ• ğŸ•","textMessage","UCWtNqy7NjzoBEKLki5bG9NA","GuiwDaBoy13 Correia","false","http://www.youtube.com/channel/UCWtNqy7NjzoBEKLki5bG9NA","https://yt4.ggpht.com/Z6wLzdox0smsFwdg_kODQa8NOjPcFHiLn6mfAJ-KmGMB1Z8iCxgD4sb68iFtAXlYs1PU_64G=s64-c-k-c0x00ffffff-no-rj"
124,"2024-09-18 04:29:32","4vJk8X76zZA","LIVE | PON XXI ACEH-SUMUT ESPORTS DAY 6 - Babak Final Mobile Legends: Bang Bang","UPoint Esports","jepe","ChwKGkNQWDRrSVhVeTRnREZYVXYxZ0FkWnpJRjJn","akhirnya jepe juga di pulau777","textMessage","UC6OIHspv1EaRd0EhvTVh0cQ","Trinh Tran","false","http://www.youtube.com/channel/UC6OIHspv1EaRd0EhvTVh0cQ","https://yt4.ggpht.com/Pwt007DH7RafYpXQMrEPZNRPzD6mDhxkpVyqGvsdZ9nbr9VZ7Exo_5hKtc-427UPryIF-OPoqQ=s64-c-k-c0x00ffffff-no-rj"
125,"2024-09-18 04:30:27","4vJk8X76zZA","LIVE | PON XXI ACEH-SUMUT ESPORTS DAY 6 - Babak Final Mobile Legends: Bang Bang","UPoint Esports","gacor","ChwKGkNPWFF0NV9VeTRnREZRMHUxZ0FkcjFrTEZn","pulau777 emang web gacor","textMessage","UC_TrpsGslTTRKZl8NDYrAXQ","ë‚˜ë‚˜","false","http://www.youtube.com/channel/UC_TrpsGslTTRKZl8NDYrAXQ","https://yt4.ggpht.com/bzR8BbrfsizYC-0DEfbqWsJvsKgA7SR-XPe3yJZfkGcBYgj3coaumVN87rmAI9qJ_aSLidxwIA=s64-c-k-c0x00ffffff-no-rj"
126,"2024-09-18 04:35:03","4vJk8X76zZA","LIVE | PON XXI ACEH-SUMUT ESPORTS DAY 6 - Babak Final Mobile Legends: Bang Bang","UPoint Esports","gacor","ChwKGkNKanVscVBWeTRnREZXWUsxZ0FkS3JNWHhn","rekomendasi situs gacor cuma pulau777","textMessage","UClD-ZuFIwQQdL1BCJHwn13Q","ĞšĞ°Ñ€Ğ¸Ğ½Ğ° ĞœĞµĞ¹Ğ±Ğ¸","false","http://www.youtube.com/channel/UClD-ZuFIwQQdL1BCJHwn13Q","https://yt4.ggpht.com/9sGtbsWY5QOWzl_AMESebqCeobrxI0I4kgtxtTQu1nh3CrJDD30rkrx_3kH0yom35dNW4D_y__A=s64-c-k-c0x00ffffff-no-rj"
127,"2024-09-18 04:39:41","4vJk8X76zZA","LIVE | PON XXI ACEH-SUMUT ESPORTS DAY 6 - Babak Final Mobile Legends: Bang Bang","UPoint Esports","jackpot","ChwKGkNMVE03cWZXeTRnREZRc0sxZ0FkQlVzNVpn","jackpot masal di pulau777","textMessage","UCtRHPnlFvJys0ZOILypHNHQ","Harikrishnan AM","false","http://www.youtube.com/channel/UCtRHPnlFvJys0ZOILypHNHQ","https://yt4.ggpht.com/C2Ke3Bh7Jc2AbYXe-_6dstHd-cS9jLj3TyM-5_KUh01x7AEFv2MjIFditsu-rTsgD2mN9KQt=s64-c-k-c0x00ffffff-no-rj"
128,"2024-09-18 04:40:10","4vJk8X76zZA","LIVE | PON XXI ACEH-SUMUT ESPORTS DAY 6 - Babak Final Mobile Legends: Bang Bang","UPoint Esports","gacor","ChwKGkNPaXRzYlhXeTRnREZRVUgxZ0FkRnhjT25n","gacor abis pulau777","textMessage","UCnG7kDQ2DnoIYfGf2YJm0Pg","Jay kumar","false","http://www.youtube.com/channel/UCnG7kDQ2DnoIYfGf2YJm0Pg","https://yt4.ggpht.com/MrIaN0jBYv9CCK_jkxEuu054K6N6RgWlLZVJlIQDPZ4tOX_bQats6Z8BoUZERXJ3OWCEdy5vfQ=s64-c-k-c0x00ffffff-no-rj"
129,"2024-09-18 04:41:25","4vJk8X76zZA","LIVE | PON XXI ACEH-SUMUT ESPORTS DAY 6 - Babak Final Mobile Legends: Bang Bang","UPoint Esports","gacor","ChwKGkNMSG1sOW5XeTRnREZhb0NyUVlkbldzbnl3","gacor","textMessage","UCFO5RSgAkQKOhNH0nnttq1g","Muhammad Deshan","false","http://www.youtube.com/channel/UCFO5RSgAkQKOhNH0nnttq1g","https://yt4.ggpht.com/ytc/AIdro_mTJvGMru1KXDjw7sYvHDFYLjybLzC9mhtXZHZROxcuf3E=s64-c-k-c0x00ffffff-no-rj"
130,"2024-09-18 04:41:46","4vJk8X76zZA","LIVE | PON XXI ACEH-SUMUT ESPORTS DAY 6 - Babak Final Mobile Legends: Bang Bang","UPoint Esports","gacor","ChwKGkNQZnFxLVBXeTRnREZSWU5yUVlkTEdBTXZn","gacorr kenny R","textMessage","UCFO5RSgAkQKOhNH0nnttq1g","Muhammad Deshan","false","http://www.youtube.com/channel/UCFO5RSgAkQKOhNH0nnttq1g","https://yt4.ggpht.com/ytc/AIdro_mTJvGMru1KXDjw7sYvHDFYLjybLzC9mhtXZHZROxcuf3E=s64-c-k-c0x00ffffff-no-rj"
131,"2024-09-18 04:43:34","4vJk8X76zZA","LIVE | PON XXI ACEH-SUMUT ESPORTS DAY 6 - Babak Final Mobile Legends: Bang Bang","UPoint Esports","gacor","ChwKGkNMYVE4NWJYeTRnREZUa0sxZ0FkX0RnSjRn","pulau777 beneran gacor bro","textMessage","UCsXWsuQhDQvdP6taSulvsbQ","OhTNNP Skol","false","http://www.youtube.com/channel/UCsXWsuQhDQvdP6taSulvsbQ","https://yt4.ggpht.com/5wIQBI1f1_7msjU90HzmjtIQwW5sjeXKMcWvT7w68uOgltt5IlVm6qMxhjUZaqu98ZgxauBIvw=s64-c-k-c0x00ffffff-no-rj"
132,"2024-09-18 04:45:09","4vJk8X76zZA","LIVE | PON XXI ACEH-SUMUT ESPORTS DAY 6 - Babak Final Mobile Legends: Bang Bang","UPoint Esports","gacor","ChwKGkNPeW9vY1RYeTRnREZaOFAxZ0FkTEpjVFVB","anjir gacor amat pulau777","textMessage","UCb7-lFfVKjDWgpoGoZWCvyQ","Ğ£Ğ¿Ğ°Ğ»Ğ½Ğ°Ğ¼Ğ¾Ñ‡ĞµĞ½Ñ‹Ğ¹ Ğ£Ğ¿Ğ°Ğ»Ğ½Ğ°Ğ¼Ğ¾Ñ‡ĞµĞ½Ñ‹Ğ¹","false","http://www.youtube.com/channel/UCb7-lFfVKjDWgpoGoZWCvyQ","https://yt4.ggpht.com/QnE3KgLhf_Hqs1WnJcatF3DOe0dLEoq-KIMQq86NDbJyJHAlBu6uKvCdtUy4qGTruM2-aPoOMHM=s64-c-k-c0x00ffffff-no-rj"
133,"2024-09-18 04:46:36","4vJk8X76zZA","LIVE | PON XXI ACEH-SUMUT ESPORTS DAY 6 - Babak Final Mobile Legends: Bang Bang","UPoint Esports","gacor","ChwKGkNOVzJ6dTNYeTRnREZkRXQxZ0FkTE9BcWVR","thank pulau777, sumpah gacor bet","textMessage","UCkjmNNQQ7tH_06ocG7zpsBA","FSB Fischer","false","http://www.youtube.com/channel/UCkjmNNQQ7tH_06ocG7zpsBA","https://yt4.ggpht.com/PqYelndGG9Aq1Gh6LVD9XcLbME3S1jfhhc02jT9Fv7eaBrNd80egxleY4mgl1zawqrrY1kD-JMM=s64-c-k-c0x00ffffff-no-rj"
134,"2024-09-18 04:50:18","4vJk8X76zZA","LIVE | PON XXI ACEH-SUMUT ESPORTS DAY 6 - Babak Final Mobile Legends: Bang Bang","UPoint Esports","Pulau777","ChwKGkNNT3dyTmZZeTRnREZiMHUxZ0FkbmJrTVVB","Ramadhan Berkah Bareng Pulau777 !! Topup 50K Bonus Up To 50K .. Gaskeun Sekarang.","textMessage","UCfDWBF2QeID-v6UbVFwIT_A","Aschbel Joseph","false","http://www.youtube.com/channel/UCfDWBF2QeID-v6UbVFwIT_A","https://yt4.ggpht.com/7twJfg1LJHq0OtU1Isz0sybGfBLj7gem8TI_0O1ZbeTp6QE65R-gavl3OfsrzXfALx6ytAbmNg=s64-c-k-c0x00ffffff-no-rj"
135,"2024-09-18 04:55:48","4vJk8X76zZA","LIVE | PON XXI ACEH-SUMUT ESPORTS DAY 6 - Babak Final Mobile Legends: Bang Bang","UPoint Esports","jepe","ChwKGkNQQ3A4ZlRaeTRnREZhZ0oxZ0FkVklNSHp3","semalem di PuIau777 dapet jepe gw","textMessage","UCBAfpF3wOp7OM7-QdH1mP_w","Ğ•Ğ´Ğ¸Ğ»Ğ¸Ğ½Ğ° ĞºÑƒÑ€Ğ¸Ğ»Ğ¾","false","http://www.youtube.com/channel/UCBAfpF3wOp7OM7-QdH1mP_w","https://yt4.ggpht.com/prA0zGVnEYHFDtjcmJXpofJnvRw1xIH-OU9hGTdnbvuD7onPRbeMxw3qoHEP8VlqZZe876M1Jg=s64-c-k-c0x00ffffff-no-rj"
136,"2024-09-18 04:56:42","4vJk8X76zZA","LIVE | PON XXI ACEH-SUMUT ESPORTS DAY 6 - Babak Final Mobile Legends: Bang Bang","UPoint Esports","cuan","ChwKGkNLakNzWTdheTRnREZYc3YxZ0FkTUhRbEFB","untung temen kasih tau main di PuIau777 bisa dapet cuan gampang","textMessage","UCyWMfSdtS3jHVxpDIBZNJDQ","Adriane Lobo","false","http://www.youtube.com/channel/UCyWMfSdtS3jHVxpDIBZNJDQ","https://yt4.ggpht.com/DDjccojAltaQmDLDF1-UKUB0IMF-46PCUZyHo1nlvW7FCo6WkmgrvQV-FZAqOF7LMSv89XkPeg=s64-c-k-c0x00ffffff-no-rj"
137,"2024-09-18 04:57:08","4vJk8X76zZA","LIVE | PON XXI ACEH-SUMUT ESPORTS DAY 6 - Babak Final Mobile Legends: Bang Bang","UPoint Esports","cuan","ChwKGkNOTGxfSnJheTRnREZmazUxZ0FkcUZJVmVB","kalo bukan PuIau777 siapa lagi kasih cuan terus","textMessage","UCDelA1V3KvisGt8ohE0dbng","Jojo Mh ","false","http://www.youtube.com/channel/UCDelA1V3KvisGt8ohE0dbng","https://yt4.ggpht.com/b8SXAZKvzyiagQC98nU-idXv3AAhzRABl4uXVh_c5IU1U5oAGETpp5kF9yjW4-NzNVsqvfWa=s64-c-k-c0x00ffffff-no-rj"
138,"2024-09-18 05:09:25","4vJk8X76zZA","LIVE | PON XXI ACEH-SUMUT ESPORTS DAY 6 - Babak Final Mobile Legends: Bang Bang","UPoint Esports","jepe","ChwKGkNNbVZ4X3JjeTRnREZRc0sxZ0FkQlVzNVpn","akhirnya jepe juga di pulau777","textMessage","UCrzQLNxEFAasKjYZRizEW_g","Yohana Verdin","false","http://www.youtube.com/channel/UCrzQLNxEFAasKjYZRizEW_g","https://yt4.ggpht.com/MmMu4_WtfA5T406bPUq-Hh1lphiIuVXNh7A8Hu3Sc5Q7pFQ4kgxZdRlcUYbCEhQjL7MltBFFhw=s64-c-k-c0x00ffffff-no-rj"
139,"2024-09-18 05:11:02","4vJk8X76zZA","LIVE | PON XXI ACEH-SUMUT ESPORTS DAY 6 - Babak Final Mobile Legends: Bang Bang","UPoint Esports","gacor","ChwKGkNPM2o4YWpkeTRnREZaOFAxZ0FkTEpjVFVB","pulau777 emang web gacor","textMessage","UCrMB23smvu3cRzxmOHuCiIg","erika modest","false","http://www.youtube.com/channel/UCrMB23smvu3cRzxmOHuCiIg","https://yt4.ggpht.com/qof_Q_PoH-Wmc8gFBXktyDaujnNnupXo6H_fC9h-HKFqOLujQrr14emJnydd_HwLgrSF8uAq=s64-c-k-c0x00ffffff-no-rj"
140,"2024-09-18 05:15:25","4vJk8X76zZA","LIVE | PON XXI ACEH-SUMUT ESPORTS DAY 6 - Babak Final Mobile Legends: Bang Bang","UPoint Esports","gacor","ChwKGkNPXy1rS2JleTRnREZZTUoxZ0FkYXNjQkZn","rekomendasi situs gacor cuma pulau777","textMessage","UCZdI0g8h6gpcwYDcEIKT6Iw","Dhifa Hafizha","false","http://www.youtube.com/channel/UCZdI0g8h6gpcwYDcEIKT6Iw","https://yt4.ggpht.com/y7M4UtJfu42FYQDYXIzVaMBgMDu6WuhRapTc5sKKoXGkxHVT62jHx2caz5ZFgDPXzuVO0q_wgg=s64-c-k-c0x00ffffff-no-rj"
141,"2024-09-18 05:17:03","4vJk8X76zZA","LIVE | PON XXI ACEH-SUMUT ESPORTS DAY 6 - Babak Final Mobile Legends: Bang Bang","UPoint Esports","gacor","ChwKGkNNX3lfdFRleTRnREZkd3VyUVlkQ3c4Sjdn","gacor pulau777","textMessage","UCI0AxhqZNcY9aaLvuLmtYrw","Sultan Rindang Malino","false","http://www.youtube.com/channel/UCI0AxhqZNcY9aaLvuLmtYrw","https://yt4.ggpht.com/ytc/AIdro_kftDKdyho70I0iOnvo7y29XtRW2RXjiuFnTIGfENwr3nE=s64-c-k-c0x00ffffff-no-rj"
142,"2024-09-18 05:18:02","4vJk8X76zZA","LIVE | PON XXI ACEH-SUMUT ESPORTS DAY 6 - Babak Final Mobile Legends: Bang Bang","UPoint Esports","jackpot","ChwKGkNPRzVpUEhleTRnREZiMHUxZ0FkbmJrTVVB","jackpot masal di pulau777","textMessage","UCeYdMiIaxAn9I8tfNGNIx4w","Ù…Ø¬Ø¯ Ø³Ø¹ÙˆØ¯","false","http://www.youtube.com/channel/UCeYdMiIaxAn9I8tfNGNIx4w","https://yt4.ggpht.com/q94igtqA_c-7m6JgwpeIfspvFC2Jm05_lLnddZju34wj3zHiW_Ub3g3KON9s4-NkkDoQ-ILvJA=s64-c-k-c0x00ffffff-no-rj"
143,"2024-09-18 05:18:31","4vJk8X76zZA","LIVE | PON XXI ACEH-SUMUT ESPORTS DAY 6 - Babak Final Mobile Legends: Bang Bang","UPoint Esports","gacor","ChwKGkNPTEM2UDdleTRnREZhZ0oxZ0FkVklNSHp3","gacor abis pulau777","textMessage","UCSV5_3YxldYd2StuYfcg2CA","ë“¤ê¹¨ì• ì¸ì°¸ê¹¨","false","http://www.youtube.com/channel/UCSV5_3YxldYd2StuYfcg2CA","https://yt4.ggpht.com/KWHw_tkzHnyANOAVSvuBkn_1KaRSajL1SsmfK-DlRCm_oB1tsQFjFtX46B65rENX9H0bKSqzDQ=s64-c-k-c0x00ffffff-no-rj"
144,"2024-09-18 05:20:17","4vJk8X76zZA","LIVE | PON XXI ACEH-SUMUT ESPORTS DAY 6 - Babak Final Mobile Legends: Bang Bang","UPoint Esports","gacor","ChwKGkNJR3F4YkhmeTRnREZhY0cxZ0FkWFBVS1VB","pulau777 beneran gacor bro","textMessage","UCX0avJagAEHhRCRH7Wc7v7g","Edson Vidal Sthailer","false","http://www.youtube.com/channel/UCX0avJagAEHhRCRH7Wc7v7g","https://yt4.ggpht.com/qsOx3ar430IbSb3roUPldC3YAS1YI6SqUTdjdBsMBmm4nm4LzhX99ByLnH_gjIV7Jqq6C4eciA=s64-c-k-c0x00ffffff-no-rj"
145,"2024-09-18 05:28:17","4vJk8X76zZA","LIVE | PON XXI ACEH-SUMUT ESPORTS DAY 6 - Babak Final Mobile Legends: Bang Bang","UPoint Esports","gacor","ChwKGkNPU01vSmJoeTRnREZhY0cxZ0FkWFBVS1VB","emang segacor itu pulau777?","textMessage","UC1Byp2F-9TFeqZSujYZmpBA","MIRACLE SWAMI","false","http://www.youtube.com/channel/UC1Byp2F-9TFeqZSujYZmpBA","https://yt4.ggpht.com/AgfQGtL6vVyK-lb1OpGkxY7yUvoGruTq_-XviM1xgJcU_rWYfa9NiCO0dvbcpEunjou2DY937F8=s64-c-k-c0x00ffffff-no-rj"
146,"2024-09-18 05:28:18","4vJk8X76zZA","LIVE | PON XXI ACEH-SUMUT ESPORTS DAY 6 - Babak Final Mobile Legends: Bang Bang","UPoint Esports","gacor","ChwKGkNQWFl2WmJoeTRnREZWNEgxZ0FkamU4Q1VB","emang segacor itu pulau777?","textMessage","UCXkKN7k2avfcH9CUnx7umQQ","khalid beg","false","http://www.youtube.com/channel/UCXkKN7k2avfcH9CUnx7umQQ","https://yt4.ggpht.com/_-6xVm5ssg3V2zwUhZvRFykzmhfF2WiuA0RXmhbCEiZzP-e0UpGTndKHFcWIn34ehvAz4jfXylE=s64-c-k-c0x00ffffff-no-rj"
147,"2024-09-18 05:28:54","4vJk8X76zZA","LIVE | PON XXI ACEH-SUMUT ESPORTS DAY 6 - Babak Final Mobile Legends: Bang Bang","UPoint Esports","gacor","ChwKGkNLR0M3YWZoeTRnREZiMHUxZ0FkbmJrTVVB","pulau ga becanda anjoy emang gacor","textMessage","UCpx6jLfnjA3pj8x325-1MkA","ĞœĞ¸Ñ…Ğ°Ğ¸Ğ» Ğ˜Ğ»ÑŒĞ¸Ñ‡Ñ‘Ğ²","false","http://www.youtube.com/channel/UCpx6jLfnjA3pj8x325-1MkA","https://yt4.ggpht.com/GfQheZqADWUQjCeqXT35rn_IaTmX-QVKici8NO7bVN52XjW_sX1XxXR7q6c7AYhtFqqd9czVTA=s64-c-k-c0x00ffffff-no-rj"
148,"2024-09-18 05:29:43","4vJk8X76zZA","LIVE | PON XXI ACEH-SUMUT ESPORTS DAY 6 - Babak Final Mobile Legends: Bang Bang","UPoint Esports","jackpot","ChwKGkNNTEVyTF9oeTRnREZYWUkxZ0FkMm5rRzJ3","biasanya si kalo jackpot diem diem awkwowkwokw","textMessage","UCVAYiiPiu7t7-qCdq-ZhESw","Dr Zorac","false","http://www.youtube.com/channel/UCVAYiiPiu7t7-qCdq-ZhESw","https://yt4.ggpht.com/X-i48_EmBKWlbnZwsVgJcr5bAcEdyV-NTSgvVQGusv9aksQ7NwqoUqmT72cNfSBSKDzFjO_Kmg=s64-c-k-c0x00ffffff-no-rj"
149,"2024-09-18 05:30:11","4vJk8X76zZA","LIVE | PON XXI ACEH-SUMUT ESPORTS DAY 6 - Babak Final Mobile Legends: Bang Bang","UPoint Esports","gacor","ChwKGkNOYkMxc3poeTRnREZRVUgxZ0FkRnhjT25n","P U L A U 7 7 7 udah paling gacor","textMessage","UCr8XtgQcgy-QKoo_rYxlZYw","Aulia Nur Rahman","false","http://www.youtube.com/channel/UCr8XtgQcgy-QKoo_rYxlZYw","https://yt4.ggpht.com/-fitxYoB9XAcG_PWwUAiQotJ79rfrals3C4Y9pcW6TIoCXRrhn7suBKncXQHKrsnGrxUYujzXWw=s64-c-k-c0x00ffffff-no-rj"
150,"2024-09-18 05:30:35","4vJk8X76zZA","LIVE | PON XXI ACEH-SUMUT ESPORTS DAY 6 - Babak Final Mobile Legends: Bang Bang","UPoint Esports","gacor","ChwKGkNPSERqZGpoeTRnREZkRXQxZ0FkTE9BcWVR","pulau ga becanda anjoy emang gacor","textMessage","UCWKcXLx1W2qQ1DRP40w_voQ","joshua akotia","false","http://www.youtube.com/channel/UCWKcXLx1W2qQ1DRP40w_voQ","https://yt4.ggpht.com/OtAYD_43m_JaJxx_wtnRkqPQyplDI0WJZnHiDr_VwJlHl-RQe93fpmr7rSylpKsWTorTGkqT=s64-c-k-c0x00ffffff-no-rj"
151,"2024-09-18 05:32:16","4vJk8X76zZA","LIVE | PON XXI ACEH-SUMUT ESPORTS DAY 6 - Babak Final Mobile Legends: Bang Bang","UPoint Esports","jackpot","ChwKGkNOVGlySWppeTRnREZYTUsxZ0FkeDUwdG5R","biasanya si kalo jackpot diem diem awkwowkwokw","textMessage","UCxyjqWzFagSmkbSrqfVxVZw","Enlightened kid","false","http://www.youtube.com/channel/UCxyjqWzFagSmkbSrqfVxVZw","https://yt4.ggpht.com/OGrB2KHJ9J_lWmMMIN6XVbIYeRB0Cw5yu1pewpX9_lh4LoLc_uKxG0gVwqbjuoR7a-x2yqDI=s64-c-k-c0x00ffffff-no-rj"
152,"2024-09-18 05:32:28","4vJk8X76zZA","LIVE | PON XXI ACEH-SUMUT ESPORTS DAY 6 - Babak Final Mobile Legends: Bang Bang","UPoint Esports","jackpot","ChwKGkNLYWc2NDNpeTRnREZkRXQxZ0FkTE9BcWVR","biasanya si kalo jackpot diem diem awkwowkwokw","textMessage","UCOhMyG7JG5WAg2DrUNcrL2g","Puti Nel Hartania","false","http://www.youtube.com/channel/UCOhMyG7JG5WAg2DrUNcrL2g","https://yt4.ggpht.com/-pQOS3VgM11v-bWzuoqmfznGep-Ge3lBH0EqHHTJvyeOzr4sDt6it2abptsynF-a1qhPoLUJbec=s64-c-k-c0x00ffffff-no-rj"
153,"2024-09-18 05:32:50","4vJk8X76zZA","LIVE | PON XXI ACEH-SUMUT ESPORTS DAY 6 - Babak Final Mobile Legends: Bang Bang","UPoint Esports","gacor","ChwKGkNLYXdtNWppeTRnREZaQUkxZ0FkTV9jVVpR","P U L A U 7 7 7 udah paling gacor","textMessage","UC-l0cmqVRMeq7bGahAA5-bw","Ø§Ù„Ø³Ù„Ø·Ø§Ù† ØªÙŠÙˆØ¨ - ELsultan Tube","false","http://www.youtube.com/channel/UC-l0cmqVRMeq7bGahAA5-bw","https://yt4.ggpht.com/0dywagXpYZe6MqOYS-IwoJzkFUcLL6uIPcbFOmbZm13dwA1pF9kjfBNdKkQN_6el42IUzWwWBA=s64-c-k-c0x00ffffff-no-rj"
154,"2024-09-18 05:32:56","4vJk8X76zZA","LIVE | PON XXI ACEH-SUMUT ESPORTS DAY 6 - Babak Final Mobile Legends: Bang Bang","UPoint Esports","gacor","ChwKGkNJSy1xcHZpeTRnREZSd0kxZ0FkalZrc2VR","P U L A U 7 7 7 udah paling gacor","textMessage","UCzDVgUQaekV21EdT7bZdaiQ","Architect / Mustafa Abdul Rahman","false","http://www.youtube.com/channel/UCzDVgUQaekV21EdT7bZdaiQ","https://yt4.ggpht.com/shX_GvN7nWHLcqNNMYKE2wLTVNpvxXhGM-h41292Tv1JAIxtLRm0oH5cilZ4w2IoWozft4W-=s64-c-k-c0x00ffffff-no-rj"
155,"2024-09-18 05:33:41","4vJk8X76zZA","LIVE | PON XXI ACEH-SUMUT ESPORTS DAY 6 - Babak Final Mobile Legends: Bang Bang","UPoint Esports","jp","ChwKGkNQeUx2YkRpeTRnREZWNHYxZ0FkeHA0NjNB","makasih min beneran jp di pulau777","textMessage","UCK6ktfZ7x4ABE2Z7n2NlpVA","ĞĞ°Ğ´ĞµĞ¶Ğ´Ğ° Ğ¡Ğ²ĞµÑ‡Ğ½Ğ¸ĞºĞ¾Ğ²Ğ°","false","http://www.youtube.com/channel/UCK6ktfZ7x4ABE2Z7n2NlpVA","https://yt4.ggpht.com/Q9dlZT8da7PjVfMMHAr4yhiiF4VGNqCY6hpbTEKVmysCy0GPhubyAcRx4XbsxZUq3ZR64Zh6Pn0=s64-c-k-c0x00ffffff-no-rj"
156,"2024-09-18 05:37:32","4vJk8X76zZA","LIVE | PON XXI ACEH-SUMUT ESPORTS DAY 6 - Babak Final Mobile Legends: Bang Bang","UPoint Esports","jp","ChwKGkNKXzQ4WjdqeTRnREZiMHUxZ0FkbmJrTVVB","makasih min beneran jp di pulau777","textMessage","UCMj7FSvrhBPMydd8fJqAkfQ","ê¸°ì—¬ë‹ˆ","false","http://www.youtube.com/channel/UCMj7FSvrhBPMydd8fJqAkfQ","https://yt4.ggpht.com/exRS5DXPNB-38rbNmQ16Fz05H0bN9Ps0EMqsUO9wCDN178mH19IP5xsTEH4Tcyc8c9c2jQbl4XA=s64-c-k-c0x00ffffff-no-rj"
157,"2024-09-18 05:43:09","4vJk8X76zZA","LIVE | PON XXI ACEH-SUMUT ESPORTS DAY 6 - Babak Final Mobile Legends: Bang Bang","UPoint Esports","jp","ChwKGkNNeXR3TF9reTRnREZmTVdyUVlkR1pJS0NB",":1st_place_medal:jp teruss main diï¿½ğ¢ğ›ğœğŸ“ğŸ–ğŸ–:1st_place_medal:","textMessage","UCcSBXTbzB2kS5o230ScZGjw","Audur Steinpors","false","http://www.youtube.com/channel/UCcSBXTbzB2kS5o230ScZGjw","https://yt4.ggpht.com/ytc/AIdro_nmtsXDHjV3vsi3WJxNLeR6_m62bNa4V324lnRtnFy0u-rpS5RDcRIx863T-hajBZ4JOA=s64-c-k-c0x00ffffff-no-rj"
158,"2024-09-18 06:06:12","4vJk8X76zZA","LIVE | PON XXI ACEH-SUMUT ESPORTS DAY 6 - Babak Final Mobile Legends: Bang Bang","UPoint Esports","gacor","ChwKGkNJLVRoOVBweTRnREZiY2VyUVlkTEY0cUtR","emang boleh se gacor ini :fire:ğ¢ğ›ğœğŸ“ğŸ–ğŸ–:fire:","textMessage","UCqnO800hK8UtTOuKgJun8gw","sherice morrell","false","http://www.youtube.com/channel/UCqnO800hK8UtTOuKgJun8gw","https://yt4.ggpht.com/ytc/AIdro_kZLgsiw3lD2chVBHShBsZLa6TW9ajtuxoCp7EP6VfcCi6Fc2TYh4nTzTEWJ4SmYrfSOg=s64-c-k-c0x00ffffff-no-rj"
